﻿DiagnosingFacilityState,DiagnosingFacilityDistrict,DiagnosingFacilityTBU,DiagnosingFacilityPHI,DiagnosingFacilityPHIType,DiagnosingFacilityPHI_ID,DiagnosisDate,EnrollmentDate,EpisodeID,OldNikshayId,PatientId,Patient_Status,PatientName,Age,Gender,Weight,Patient_Address,Taluka,Town,Ward,Landmark,Pincode,Residential_State,Residential_District,Residential_TU,PrimaryPhone,KeyPopulation,EnrollmentFacilityState,EnrollmentFacilityDistrict,EnrollmentFacilityTBU,EnrollmentFacilityPHI,EnrollmentFacilityPHIType,EnrollmentFacilityPHI_ID,UserID_Enrollment,HIV_Status,DiabetesStatus,basisOfDiagnosis_TestName,basisOfDiagnosis_LabSerialNo,basisOfDiagnosis_FinalInterpretation,Microbiologically_Confirmed,DateOf_TB_Treatment_Initiation,CurrentFacilityState,CurrentFacilityDistrict,CurrentFacilityTBU,CurrentFacilityPHI,CurrentFacilityPHIType,CurrentFacilityPHI_ID,TypeOfCase,PMDT_RegimenType,SiteOfDisease,EPSite,Treatment_Outcome,Treatment_Outcome_Date,BankDetailsAdded,FollowupDone_Count,ContactTracing_Done,UDST_Done,EndOfIP_SM_DateOfReport,EndOfIP_LabID,EndOfIP_FinalInterpretation,EndOfCP_SM_DateOfReport,EndOfCP_LabID,EndOfCP_FinalInterpretation
ANDAMAN & NICOBAR ISLANDS,NICOBARS,NICOBAR,BJR HOSPITAL,PHI,1,08/04/20,11/04/20,14023109,,14023109,DIAGNOSED_OUTCOME_ASSIGNED,CURTIS STEPHEN,43,Male,65,"TUHET KURINGO
KAKANA VILLAGE 
CAR NICOBAR",CAR NICOBAR,,KAKANA VILLAGE ,,744301,ANDAMAN & NICOBAR ISLANDS,NICOBARS,NICOBAR,9531809074,Contact of Known TB Patients,ANDAMAN & NICOBAR ISLANDS,NICOBARS,NICOBAR,BJR HOSPITAL,PHI,1,TBU-ANNCB01,Non-Reactive,Non-diabetic,Microscopy ZN and Fluorescent,158 A,Positive,Yes,09/04/20,ANDAMAN & NICOBAR ISLANDS,NICOBARS,NICOBAR,BJR HOSPITAL,PHI,1,New,,Pulmonary,,DIED,08/06/20,Yes                                               ,0,Yes                                               ,No,03/06/20,203 A,Negative,,,
ANDAMAN & NICOBAR ISLANDS,NORTH & MIDDLE ANDAMAN,DIGLIPUR,CHC DIGLIPUR,PHI,1,25/04/20,30/04/20,14136136,,14136136,DIAGNOSED_OUTCOME_ASSIGNED,JATRI  TOPPO,50,Female,38,"BURMACHAD , DIGLIPUR",DIGLIPUR,,BURMACHAD,NEAR PRIMARY SCHOOL,744202,ANDAMAN & NICOBAR ISLANDS,NORTH & MIDDLE ANDAMAN,DIGLIPUR,9531870620,Other,ANDAMAN & NICOBAR ISLANDS,NORTH & MIDDLE ANDAMAN,DIGLIPUR,CHC DIGLIPUR,PHI,1,TBU-ANNMA03,Non-Reactive,Non-diabetic,Chest X Ray,,Clinically Diagnosed TB,No,27/04/20,ANDAMAN & NICOBAR ISLANDS,NORTH & MIDDLE ANDAMAN,DIGLIPUR,CHC DIGLIPUR,PHI,1,New,,Pulmonary,,TREATMENT_COMPLETE,12/10/20,Yes                                               ,0,Yes                                               ,Yes,04/09/20,131,Negative,10/10/20,169,Negative
ANDAMAN & NICOBAR ISLANDS,NORTH & MIDDLE ANDAMAN,DIGLIPUR,CHC DIGLIPUR,PHI,1,18/04/20,30/04/20,14137925,,14137925,DIAGNOSED_OUTCOME_ASSIGNED,NIRESH  NAIK,25,Male,59,"BEACH DERA , DIGLIPUR",DIGLIPUR,,BEACH DERA,NEAR PRIMARY SCHOOL 744202,744202,ANDAMAN & NICOBAR ISLANDS,NORTH & MIDDLE ANDAMAN,DIGLIPUR,8900967619,Other,ANDAMAN & NICOBAR ISLANDS,NORTH & MIDDLE ANDAMAN,DIGLIPUR,CHC DIGLIPUR,PHI,1,TBU-ANNMA03,Non-Reactive,Non-diabetic,Chest X Ray,,Clinically Diagnosed TB,No,18/04/20,ANDAMAN & NICOBAR ISLANDS,NORTH & MIDDLE ANDAMAN,DIGLIPUR,CHC DIGLIPUR,PHI,1,New,,Pulmonary,,TREATMENT_COMPLETE,13/10/20,Yes                                               ,0,Yes                                               ,Yes,,,,,,
ANDAMAN & NICOBAR ISLANDS,NORTH & MIDDLE ANDAMAN,RANGAT,CHC RANGAT,PHI,1,20/04/20,30/04/20,14139787,,14139787,DIAGNOSED_OUTCOME_ASSIGNED,ROSE MANJU DUNG-DUNG,42,Female,37,RANGAT BAZAR ,RANGAT,,RANGAT BAZAR,BEHIND POST OFFICE,744205,ANDAMAN & NICOBAR ISLANDS,NORTH & MIDDLE ANDAMAN,RANGAT,9531841078,Tobacco,ANDAMAN & NICOBAR ISLANDS,NORTH & MIDDLE ANDAMAN,RANGAT,CHC RANGAT,PHI,1,TBU-ANNMA02,Non-Reactive,Non-diabetic,Microscopy ZN and Fluorescent,84,Positive,Yes,24/04/20,ANDAMAN & NICOBAR ISLANDS,NORTH & MIDDLE ANDAMAN,RANGAT,CHC RANGAT,PHI,1,Retreatment: Others,,Pulmonary,,CURED,08/10/20,Yes                                               ,0,Yes                                               ,Yes,15/06/20,107,Negative,,,
ANDAMAN & NICOBAR ISLANDS,NICOBARS,CAMPBELL BAY,PHC CAMPBELL BAY,PHI,1,08/05/20,09/05/20,14196725,,14196725,DIAGNOSED_OUTCOME_ASSIGNED,HEMELDON PRINCE,13,Male,50,CHINGEN VILLAGE,CAMPBELL BAY,,CHINGEN VILLAGE,AGRICULTURE FROM,744302,ANDAMAN & NICOBAR ISLANDS,NICOBARS,CAMPBELL BAY,9476029782,Not Applicable,ANDAMAN & NICOBAR ISLANDS,NICOBARS,CAMPBELL BAY,PHC CAMPBELL BAY,PHI,1,TBU-ANNCB02,Non-Reactive,,Chest X Ray,,Clinically Diagnosed TB,No,08/05/20,ANDAMAN & NICOBAR ISLANDS,NICOBARS,CAMPBELL BAY,PHC CAMPBELL BAY,PHI,1,New,,Extra Pulmonary,Pleural,TREATMENT_COMPLETE,09/11/20,Yes                                               ,0,Yes                                               ,No,,,,03/11/20,54A,Negative
ANDAMAN & NICOBAR ISLANDS,NICOBARS,NICOBAR,BJR HOSPITAL,PHI,1,05/05/20,12/05/20,14211648,,14211648,DIAGNOSED_OUTCOME_ASSIGNED,MARINA WATSON,35,Female,44,"TUHET- SIRE BUS, MALACCA VILLAGE, CAR NICOBAR",NICOBAR,,MALACCA VILLAGE,,744301,ANDAMAN & NICOBAR ISLANDS,NICOBARS,NICOBAR,9476021427,Not Applicable,ANDAMAN & NICOBAR ISLANDS,NICOBARS,NICOBAR,BJR HOSPITAL,PHI,1,TBU-ANNCB01,Non-Reactive,Non-diabetic,Microscopy ZN and Fluorescent,178 A,Positive,Yes,06/05/20,ANDAMAN & NICOBAR ISLANDS,NICOBARS,NICOBAR,BJR HOSPITAL,PHI,1,Retreatment: Others,,Pulmonary,,CURED,20/10/20,Yes                                               ,0,Yes                                               ,No,06/07/20,237 A,Negative,30/10/20,316 A,Negative
ANDAMAN & NICOBAR ISLANDS,NICOBARS,NANCOWRIE,CHC NANCOWRIE,PHI,1,07/05/20,12/05/20,14212308,,14212308,DIAGNOSED_OUTCOME_ASSIGNED,FREDERICK CHARLES,43,Male,59,"TUHET- KAVAL, SAWAI VILLAGE, CAR NICOBAR",NICOBAR,,SAWAI VILLAGE,,744301,ANDAMAN & NICOBAR ISLANDS,NICOBARS,NICOBAR,9434271563,Not Applicable,ANDAMAN & NICOBAR ISLANDS,NICOBARS,NICOBAR,BJR HOSPITAL,PHI,1,TBU-ANNCB01,Non-Reactive,Non-diabetic,CBNAAT,16 CHC 20,"M.tb detected, Rif resistance not detected",Yes,08/05/20,ANDAMAN & NICOBAR ISLANDS,NICOBARS,NICOBAR,BJR HOSPITAL,PHI,1,New,,Pulmonary,,TREATMENT_COMPLETE,24/10/20,Yes                                               ,0,Yes                                               ,Yes,02/07/20,231 A,Negative,23/10/20,300 A,Negative
ANDAMAN & NICOBAR ISLANDS,NICOBARS,NICOBAR,BJR HOSPITAL,PHI,1,09/05/20,12/05/20,14213252,,14213252,DIAGNOSED_OUTCOME_ASSIGNED,FRED TIMMY,22,Male,46,"TUHET- HARANLO, ARONG VILLAGE, CAR NICOBAR",NICOBAR,,ARONG VILLAGE,,744301,ANDAMAN & NICOBAR ISLANDS,NICOBARS,NICOBAR,9474262460,Not Applicable,ANDAMAN & NICOBAR ISLANDS,NICOBARS,NICOBAR,BJR HOSPITAL,PHI,1,TBU-ANNCB01,Non-Reactive,Non-diabetic,Microscopy ZN and Fluorescent,184 A,Positive,Yes,11/05/20,ANDAMAN & NICOBAR ISLANDS,NICOBARS,NICOBAR,BJR HOSPITAL,PHI,1,Retreatment: Others,,Pulmonary,,CURED,25/10/20,Yes                                               ,0,Yes                                               ,No,07/07/20,241 A,Negative,29/10/20,315 A,Negative
ANDAMAN & NICOBAR ISLANDS,SOUTH ANDAMAN,PORT BLAIR,G B PANT HOSPITAL,PHI,4,01/05/20,16/05/20,14243728,,14243728,DIAGNOSED_NOT_ON_TREATMENT_CLOSED,TIRUPATHY .,50,Male,,"ABERDEEN,
PORT BLAIR",PORT BLAIR,,4,ABERDEEN,744101,ANDAMAN & NICOBAR ISLANDS,SOUTH ANDAMAN,PORT BLAIR,8900964151,Not Applicable,ANDAMAN & NICOBAR ISLANDS,SOUTH ANDAMAN,PORT BLAIR,G B PANT HOSPITAL,PHI,4,TBU-ANSAN01,Unknown,,Microscopy ZN and Fluorescent,746,Positive,Yes,,ANDAMAN & NICOBAR ISLANDS,SOUTH ANDAMAN,PORT BLAIR,G B PANT HOSPITAL,PHI,4,New,,,,DUPLICATE_RECORD,24/07/20,No                                                ,0,No                                                ,No,,,,,,
ANDAMAN & NICOBAR ISLANDS,SOUTH ANDAMAN,PORT BLAIR,G B PANT HOSPITAL,PHI,4,12/05/20,16/05/20,14243802,,14243802,DIAGNOSED_OUTCOME_ASSIGNED,SUNY .,20,Male,45,"BATHUBASTI,
PORT BLAIR",PORT BLAIR,,,,744104,ANDAMAN & NICOBAR ISLANDS,SOUTH ANDAMAN,PORT BLAIR,9933297878,Not Applicable,ANDAMAN & NICOBAR ISLANDS,SOUTH ANDAMAN,PORT BLAIR,G B PANT HOSPITAL,PHI,4,TBU-ANSAN01,Non-Reactive,Non-diabetic,Microscopy ZN and Fluorescent,766,Positive,Yes,14/05/20,ANDAMAN & NICOBAR ISLANDS,SOUTH ANDAMAN,PORT BLAIR,G B PANT HOSPITAL,PHI,4,New,,Pulmonary,,CURED,16/11/20,Yes                                               ,0,Yes                                               ,Yes,04/07/20,956,Positive,02/09/20,1247,Negative
ANDAMAN & NICOBAR ISLANDS,SOUTH ANDAMAN,PORT BLAIR,G B PANT HOSPITAL,PHI,4,25/05/20,29/05/20,14340873,,1173446,DIAGNOSED_OUTCOME_ASSIGNED,D PAPA RAO,53,Male,30,PROTHRAPUR NEAR DOLLY GUNJ,PORT BLAIR,,PROTHRAPUR,NEAR DOLLY GUNJ,744103,ANDAMAN & NICOBAR ISLANDS,SOUTH ANDAMAN,PORT BLAIR,9531810426,Not Applicable,ANDAMAN & NICOBAR ISLANDS,SOUTH ANDAMAN,PORT BLAIR,PHC GARACHARMA,PHI,1,TBU-ANSAN01,Non-Reactive,Non-diabetic,CBNAAT,438MV2020,"M.tb detected, Rif resistance detected",Yes,28/05/20,ANDAMAN & NICOBAR ISLANDS,SOUTH ANDAMAN,PORT BLAIR,PHC GARACHARMA,PHI,1,PMDT,MDR_SHORT,Pulmonary,,DIED,03/09/20,Yes                                               ,0,Yes                                               ,Yes,,,,,,
ANDAMAN & NICOBAR ISLANDS,NICOBARS,NANCOWRIE,CHC NANCOWRIE,PHI,1,19/05/20,22/05/20,14290044,,14290044,DIAGNOSED_OUTCOME_ASSIGNED,CAPRIATI HINGIS,20,Female,49,KAMORTA NEAR RANGER QRTER ,,,KAMORTA,NEAR RANGER QRTER,744303,ANDAMAN & NICOBAR ISLANDS,NICOBARS,NANCOWRIE,9531856866,Not Applicable,ANDAMAN & NICOBAR ISLANDS,NICOBARS,NANCOWRIE,CHC NANCOWRIE,PHI,1,TBU-ANNCB03,Non-Reactive,Non-diabetic,CBNAAT,40,"M.tb detected, Rif resistance not detected",Yes,20/05/20,ANDAMAN & NICOBAR ISLANDS,NICOBARS,NANCOWRIE,CHC NANCOWRIE,PHI,1,Retreatment: Recurrent,,Pulmonary,,CURED,31/12/20,Yes                                               ,0,Yes                                               ,Yes,29/08/20,98,Negative,,,
ANDAMAN & NICOBAR ISLANDS,SOUTH ANDAMAN,PORT BLAIR,G B PANT HOSPITAL,PHI,4,13/05/20,23/05/20,14296172,,14296172,DIAGNOSED_OUTCOME_ASSIGNED,YOGESH .,18,Male,45,CAMPBELL BAY,Nicobar,,,,744302,ANDAMAN & NICOBAR ISLANDS,SOUTH ANDAMAN,PORT BLAIR,9474281510,Not Applicable,ANDAMAN & NICOBAR ISLANDS,NICOBARS,CAMPBELL BAY,PHC CAMPBELL BAY,PHI,1,TBU-ANSAN01,Non-Reactive,Non-diabetic,CBNAAT,18GBP20,"M.tb detected, Rif resistance not detected",Yes,18/05/20,ANDAMAN & NICOBAR ISLANDS,NICOBARS,CAMPBELL BAY,PHC CAMPBELL BAY,PHI,1,Retreatment: Treatment after failure,,Pulmonary,,TREATMENT_COMPLETE,01/11/20,Yes                                               ,0,Yes                                               ,Yes,10/07/20,36A,Negative,12/11/20,25,Negative
ANDAMAN & NICOBAR ISLANDS,SOUTH ANDAMAN,PORT BLAIR,G B PANT HOSPITAL,PHI,4,09/05/20,23/05/20,14298390,,14298390,DIAGNOSED_OUTCOME_ASSIGNED,GANESHAN .,36,Male,61,"LILLYPUR,
HADDO",PORT BLAIR,,2,LILLYPUR,744101,ANDAMAN & NICOBAR ISLANDS,SOUTH ANDAMAN,PORT BLAIR,9476094404,Not Applicable,ANDAMAN & NICOBAR ISLANDS,SOUTH ANDAMAN,PORT BLAIR,UHC HADDO,PHI,10,TBU-ANSAN01,Non-Reactive,Non-diabetic,Other,,Clinically Diagnosed TB,No,11/05/20,ANDAMAN & NICOBAR ISLANDS,SOUTH ANDAMAN,PORT BLAIR,UHC HADDO,PHI,10,New,,Extra Pulmonary,Lymph Node,TREATMENT_COMPLETE,11/12/20,Yes                                               ,0,Yes                                               ,No,,,,,,
ANDAMAN & NICOBAR ISLANDS,NICOBARS,NICOBAR,BJR HOSPITAL,PHI,1,15/05/20,23/05/20,14300524,,14300524,DIAGNOSED_OUTCOME_ASSIGNED,ROSIE EZRA,71,Female,35,"TUHET- AYONA
KINYUKA VILLAGE
CAR NICOBAR",CAR NICOBAR,,KINYUKA VILLAGE,,744301,ANDAMAN & NICOBAR ISLANDS,NICOBARS,NICOBAR,9531862496,Contact of Known TB Patients,ANDAMAN & NICOBAR ISLANDS,NICOBARS,NICOBAR,BJR HOSPITAL,PHI,1,TBU-ANNCB01,Non-Reactive,Diabetic,Microscopy ZN and Fluorescent,188 A,Positive,Yes,15/05/20,ANDAMAN & NICOBAR ISLANDS,NICOBARS,NICOBAR,BJR HOSPITAL,PHI,1,New,,Pulmonary,,CURED,29/10/20,Yes                                               ,0,Yes                                               ,No,07/07/20,238 A,Negative,27/10/20,312 A,Negative
ANDAMAN & NICOBAR ISLANDS,SOUTH ANDAMAN,PORT BLAIR,G B PANT HOSPITAL,PHI,4,26/05/20,26/05/20,14315508,,14315508,DIAGNOSED_NOT_ON_TREATMENT_CLOSED,Leena  Chakraborthy,38,Female,,"236/B,Farm Tikrey,Hutbay,Little Andaman South Andaman.",South Andaman,,Farm Tikrey,236/B,744207,ANDAMAN & NICOBAR ISLANDS,SOUTH ANDAMAN,LITTLE ANDAMAN,9531971168,Not Applicable,ANDAMAN & NICOBAR ISLANDS,SOUTH ANDAMAN,LITTLE ANDAMAN,PHC HUTBAY,PHI,1,TBU-ANSAN03,Non-Reactive,,Chest X Ray,,Clinically Diagnosed TB,No,,ANDAMAN & NICOBAR ISLANDS,SOUTH ANDAMAN,LITTLE ANDAMAN,PHC HUTBAY,PHI,1,New,,,,DUPLICATE_RECORD,28/05/20,No                                                ,0,No                                                ,No,,,,,,
ANDAMAN & NICOBAR ISLANDS,SOUTH ANDAMAN,PORT BLAIR,G B PANT HOSPITAL,PHI,4,13/05/20,28/05/20,14329313,,14329313,DIAGNOSED_ON_TREATMENT,Muthu  Swamy,34,Male,43,"Near Kali Mandir,Japan Nalah,Bathu Basthi,Port Blair.",south andaman,,Bathu Basthi,near kali mandir,744101,ANDAMAN & NICOBAR ISLANDS,SOUTH ANDAMAN,PORT BLAIR,9476022777,Not Applicable,ANDAMAN & NICOBAR ISLANDS,SOUTH ANDAMAN,PORT BLAIR,PHC GARACHARMA,PHI,1,TBU-ANSAN01,Non-Reactive,Non-diabetic,Microscopy ZN and Fluorescent,772,Positive,Yes,19/05/20,ANDAMAN & NICOBAR ISLANDS,SOUTH ANDAMAN,PORT BLAIR,PHC GARACHARMA,PHI,1,New,,Pulmonary,,,,Yes                                               ,0,No                                                ,No,,,,24/11/20,1299,Negative
ANDAMAN & NICOBAR ISLANDS,SOUTH ANDAMAN,PORT BLAIR,G B PANT HOSPITAL,PHI,4,18/04/20,29/05/20,14343633,,14343633,DIAGNOSED_OUTCOME_ASSIGNED,Venkateshwash   Rao,41,Male,51,"Shelter No,38/1,Brookshabad,port blair,south andaman.",south andamn,,Brookshabad,Shelter No.38/1,744101,ANDAMAN & NICOBAR ISLANDS,SOUTH ANDAMAN,PORT BLAIR,9933244940,Not Applicable,ANDAMAN & NICOBAR ISLANDS,SOUTH ANDAMAN,PORT BLAIR,PHC GARACHARMA,PHI,1,TBU-ANSAN01,Non-Reactive,Diabetic,Chest X Ray,,Clinically Diagnosed TB,No,20/04/20,ANDAMAN & NICOBAR ISLANDS,SOUTH ANDAMAN,PORT BLAIR,PHC GARACHARMA,PHI,1,Retreatment: Treatment after lost to follow up,,Pulmonary,,TREATMENT_REGIMEN_CHANGED,06/07/20,Yes                                               ,0,Yes                                               ,No,,,,,,
ANDAMAN & NICOBAR ISLANDS,SOUTH ANDAMAN,PORT BLAIR,G B PANT HOSPITAL,PHI,4,13/05/20,30/05/20,14347832,,14347832,DIAGNOSED_NOT_ON_TREATMENT_CLOSED,G Krishna  Rao,58,Male,,Rangat Bay,Rangat ,Nimbutala ,,wine shop,744205,ANDAMAN & NICOBAR ISLANDS,NORTH & MIDDLE ANDAMAN,RANGAT,9531928973,Diabetes,ANDAMAN & NICOBAR ISLANDS,NORTH & MIDDLE ANDAMAN,RANGAT,CHC RANGAT,PHI,1,TBU-ANNMA02,Non-Reactive,,Microscopy ZN and Fluorescent,629,Positive,Yes,,ANDAMAN & NICOBAR ISLANDS,NORTH & MIDDLE ANDAMAN,RANGAT,CHC RANGAT,PHI,1,New,,,,DUPLICATE_RECORD,14/09/20,No                                                ,0,No                                                ,Yes,08/05/20,97,Negative,13/08/20,127,Negative
ANDAMAN & NICOBAR ISLANDS,NORTH & MIDDLE ANDAMAN,MAYABUNDER,"DR. R.P.HOSPITAL, MAYABUNDER",PHI,1,27/05/20,01/06/20,14359253,,14359253,DIAGNOSED_OUTCOME_ASSIGNED,JOHN RUNDA,52,Male,55,"NEAR GOVT.MIDDLE SCHOOL RAMPUR   MAYABUNDER  ,NORTH AND MIDDLE ANDAMAN",MAYABUNDER,,RAMPUR,NEAR GOVT. MIDDLE SCHOOL RAMPUR,744204,ANDAMAN & NICOBAR ISLANDS,NORTH & MIDDLE ANDAMAN,MAYABUNDER,9474241167,Not Applicable,ANDAMAN & NICOBAR ISLANDS,NORTH & MIDDLE ANDAMAN,MAYABUNDER,"DR. R.P.HOSPITAL, MAYABUNDER",PHI,1,TBU-ANNMA01,Non-Reactive,Non-diabetic,Microscopy ZN and Fluorescent,52,Positive,Yes,28/05/20,ANDAMAN & NICOBAR ISLANDS,NORTH & MIDDLE ANDAMAN,MAYABUNDER,"DR. R.P.HOSPITAL, MAYABUNDER",PHI,1,New,,Pulmonary,,CURED,11/11/20,Yes                                               ,0,Yes                                               ,Yes,21/07/20,67,Negative,10/11/20,99 A,Negative
ANDAMAN & NICOBAR ISLANDS,NORTH & MIDDLE ANDAMAN,DIGLIPUR,CHC DIGLIPUR,PHI,1,22/05/20,01/06/20,14362783,,14362783,DIAGNOSED_OUTCOME_ASSIGNED,AMAR  RAJBANGSHI,29,Male,63,"LAXMIPUR, DIGLIPUR",DIGLIPUR,,LAXMIPUR,NEAR ANGANWADI CENTRE ,744202,ANDAMAN & NICOBAR ISLANDS,NORTH & MIDDLE ANDAMAN,DIGLIPUR,9531878171,Tobacco,ANDAMAN & NICOBAR ISLANDS,NORTH & MIDDLE ANDAMAN,DIGLIPUR,CHC DIGLIPUR,PHI,1,TBU-ANNMA03,Non-Reactive,Non-diabetic,Chest X Ray,,Clinically Diagnosed TB,No,23/05/20,ANDAMAN & NICOBAR ISLANDS,NORTH & MIDDLE ANDAMAN,DIGLIPUR,CHC DIGLIPUR,PHI,1,New,,Pulmonary,,TREATMENT_COMPLETE,09/11/20,Yes                                               ,0,Yes                                               ,Yes,,,,,,
ANDAMAN & NICOBAR ISLANDS,NICOBARS,NICOBAR,BJR HOSPITAL,PHI,1,22/05/20,02/06/20,14372129,,14372129,DIAGNOSED_OUTCOME_ASSIGNED,JACOB IRANIOUS,33,Male,60,"TUHET- ELUHUM
KINMAI VILLAGE
CAR NICOBAR",CAR NICOBAR,,KINAMAI VILLAGE,,744301,ANDAMAN & NICOBAR ISLANDS,NICOBARS,NICOBAR,9476064745,Not Applicable,ANDAMAN & NICOBAR ISLANDS,NICOBARS,NICOBAR,BJR HOSPITAL,PHI,1,TBU-ANNCB01,Non-Reactive,Non-diabetic,Microscopy ZN and Fluorescent,195 A,Positive,Yes,26/05/20,ANDAMAN & NICOBAR ISLANDS,NICOBARS,NICOBAR,BJR HOSPITAL,PHI,1,New,,Pulmonary,,CURED,09/11/20,Yes                                               ,0,Yes                                               ,No,20/07/20,267 A,Negative,07/11/20,324 A,Negative
ANDAMAN & NICOBAR ISLANDS,NICOBARS,NICOBAR,BJR HOSPITAL,PHI,1,27/05/20,02/06/20,14375838,,14375838,DIAGNOSED_OUTCOME_ASSIGNED,STELLA PETER,22,Female,45,"HOUSE NO-28 A
ARONG VILLAGE
CAR NICOBAR",CAR NICOBAR,,ARONG VILLAGE,,744301,ANDAMAN & NICOBAR ISLANDS,NICOBARS,NICOBAR,9531983284,Not Applicable,ANDAMAN & NICOBAR ISLANDS,NICOBARS,NICOBAR,BJR HOSPITAL,PHI,1,TBU-ANNCB01,Non-Reactive,Non-diabetic,Other,,Clinically Diagnosed TB,No,28/05/20,ANDAMAN & NICOBAR ISLANDS,NICOBARS,NICOBAR,BJR HOSPITAL,PHI,1,New,,Extra Pulmonary,Lymph Node,TREATMENT_COMPLETE,11/11/20,Yes                                               ,0,Yes                                               ,No,,,,,,
ANDAMAN & NICOBAR ISLANDS,SOUTH ANDAMAN,PORT BLAIR,G B PANT HOSPITAL,PHI,4,05/05/20,02/06/20,14376026,,14376026,DIAGNOSED_OUTCOME_ASSIGNED,RATAN LALL,62,Male,45,NEAR DANDUS POINT JETTY UNDER NAMUNAGHAR,FERRARGUNJ,,DANDUS POINT,NEAR JETTY,744103,ANDAMAN & NICOBAR ISLANDS,SOUTH ANDAMAN,FERRARGUNJ,8972512192,Not Applicable,ANDAMAN & NICOBAR ISLANDS,SOUTH ANDAMAN,FERRARGUNJ,PHC TUSHNABAD,PHI,5,TBU-ANSAN02,Unknown,Diabetic,Other,,Clinically Diagnosed TB,No,07/05/20,ANDAMAN & NICOBAR ISLANDS,SOUTH ANDAMAN,FERRARGUNJ,PHC TUSHNABAD,PHI,5,New,,Extra Pulmonary,Pleural,TREATMENT_COMPLETE,27/10/20,Yes                                               ,0,Yes                                               ,No,,,,,,
ANDAMAN & NICOBAR ISLANDS,NICOBARS,NICOBAR,BJR HOSPITAL,PHI,1,23/05/20,02/06/20,14376083,,14376083,DIAGNOSED_OUTCOME_ASSIGNED,HILLARY JUSTIN,63,Male,49,"TUHET- TILIP
TAMALOO VILLAGE 
CAR NICOBAR",CAR NICOBAR,,TAMALOO VILLAGE,,744301,ANDAMAN & NICOBAR ISLANDS,NICOBARS,NICOBAR,9531916093,Not Applicable,ANDAMAN & NICOBAR ISLANDS,NICOBARS,NICOBAR,BJR HOSPITAL,PHI,1,TBU-ANNCB01,Non-Reactive,Non-diabetic,Other,,Clinically Diagnosed TB,No,29/05/20,ANDAMAN & NICOBAR ISLANDS,NICOBARS,NICOBAR,BJR HOSPITAL,PHI,1,New,,Extra Pulmonary,Lymph Node,DIED,03/07/20,Yes                                               ,0,Yes                                               ,No,,,,,,
ANDAMAN & NICOBAR ISLANDS,NICOBARS,NANCOWRIE,CHC NANCOWRIE,PHI,1,06/05/20,06/06/20,14411741,,14411741,DIAGNOSED_ON_TREATMENT,QUADUS QUADUS,23,Male,46,"NEW KIMIOUS, CAR NICOBAR",NICOBAR,,NEW KIMIOUS,NEAR SUB CENTRE,744301,ANDAMAN & NICOBAR ISLANDS,NICOBARS,NICOBAR,9474278378,"Contact of Known TB Patients,Tobacco",ANDAMAN & NICOBAR ISLANDS,NICOBARS,NICOBAR,BJR HOSPITAL,PHI,1,TBU-ANNCB01,Non-Reactive,Non-diabetic,CBNAAT,BJRH 282,"M.tb detected, Rif resistance detected",Yes,06/05/20,ANDAMAN & NICOBAR ISLANDS,NICOBARS,NICOBAR,BJR HOSPITAL,PHI,1,PMDT,MDR_SHORT,Pulmonary,,,,No                                                ,0,No                                                ,Yes,,,,,,
ANDAMAN & NICOBAR ISLANDS,SOUTH ANDAMAN,LITTLE ANDAMAN,PHC R.K PUR,PHI,2,04/04/20,06/06/20,14412476,,14412476,DIAGNOSED_OUTCOME_ASSIGNED,Minoti Roy,45,Female,52,"Near BSNL Road, Rabinder Nager, RK  pur, Little Andaman, A & N Islands. ",SOUTH Andaman,Rabinder Nager,,NEAR BSNL Road,744207,ANDAMAN & NICOBAR ISLANDS,SOUTH ANDAMAN,LITTLE ANDAMAN,9474257760,Other,ANDAMAN & NICOBAR ISLANDS,SOUTH ANDAMAN,LITTLE ANDAMAN,PHC R.K PUR,PHI,2,TBU-ANSAN03,Non-Reactive,Non-diabetic,Chest X Ray,,Clinically Diagnosed TB,No,05/04/20,ANDAMAN & NICOBAR ISLANDS,SOUTH ANDAMAN,LITTLE ANDAMAN,PHC R.K PUR,PHI,2,New,,Extra Pulmonary,Other,CURED,19/09/20,Yes                                               ,0,Yes                                               ,No,,,,18/09/20,24,Negative
ANDAMAN & NICOBAR ISLANDS,SOUTH ANDAMAN,PORT BLAIR,G B PANT HOSPITAL,PHI,4,26/05/20,08/06/20,14425740,,14425740,DIAGNOSED_OUTCOME_ASSIGNED,DAYANEEDI P,48,Female,62,"C-1-2
P ROW STREET
NEAR CHILDREN PARK VILL HADDO
PS CHATHAM",PORT BLAIR,,3," NEAR COMMUNITY HALL, ANARKALI",744101,ANDAMAN & NICOBAR ISLANDS,SOUTH ANDAMAN,PORT BLAIR,7063952741,Not Applicable,ANDAMAN & NICOBAR ISLANDS,SOUTH ANDAMAN,PORT BLAIR,UHC DELANIPUR,PHI,9,TBU-ANSAN01,Non-Reactive,Non-diabetic,Other,,Clinically Diagnosed TB,No,27/05/20,ANDAMAN & NICOBAR ISLANDS,SOUTH ANDAMAN,PORT BLAIR,UHC DELANIPUR,PHI,9,New,,Extra Pulmonary,Pleural,TREATMENT_COMPLETE,29/11/20,Yes                                               ,0,Yes                                               ,No,,,,,,
ANDAMAN & NICOBAR ISLANDS,SOUTH ANDAMAN,FERRARGUNJ,CHC BAMBOOFLAT,PHI,1,06/06/20,08/06/20,14430173,,14430173,DIAGNOSED_OUTCOME_ASSIGNED,DEEPAK KUJUR,41,Male,39,NEAR SUB CENTRE SHORE POINT BAMBOOFLAT,FERRARGUNJ,,SHORE POINT,NEAR SUB CENTRE SHORE POINT ,744107,ANDAMAN & NICOBAR ISLANDS,SOUTH ANDAMAN,FERRARGUNJ,9933286942,Tobacco,ANDAMAN & NICOBAR ISLANDS,SOUTH ANDAMAN,FERRARGUNJ,CHC BAMBOOFLAT,PHI,1,TBU-ANSAN02,Unknown,,Chest X Ray,,Clinically Diagnosed TB,No,06/06/20,ANDAMAN & NICOBAR ISLANDS,SOUTH ANDAMAN,FERRARGUNJ,CHC BAMBOOFLAT,PHI,1,New,,Pulmonary,,TREATMENT_COMPLETE,10/10/20,Yes                                               ,0,No                                                ,No,,,,,,
ANDAMAN & NICOBAR ISLANDS,SOUTH ANDAMAN,PORT BLAIR,G B PANT HOSPITAL,PHI,4,08/05/20,09/06/20,14432861,,14432861,DIAGNOSED_OUTCOME_ASSIGNED,SAGAR DEEP PRASAD,33,Male,48,"HOUSE NO-673, DEEN STREET
NEAR SHIV TEMPLE
JUNGLIGHAT",PORT BLAIR,,6,NEAR SHIV TEMPLE,744102,ANDAMAN & NICOBAR ISLANDS,SOUTH ANDAMAN,PORT BLAIR,7063974038,Not Applicable,ANDAMAN & NICOBAR ISLANDS,SOUTH ANDAMAN,PORT BLAIR,UHC JUNGLIGHAT,PHI,7,TBU-ANSAN01,Non-Reactive,Non-diabetic,Other,,Clinically Diagnosed TB,No,12/05/20,ANDAMAN & NICOBAR ISLANDS,SOUTH ANDAMAN,PORT BLAIR,UHC JUNGLIGHAT,PHI,7,New,,Extra Pulmonary,Abdominal,TREATMENT_COMPLETE,26/10/20,Yes                                               ,0,Yes                                               ,No,,,,,,
ANDAMAN & NICOBAR ISLANDS,NORTH & MIDDLE ANDAMAN,MAYABUNDER,"DR. R.P.HOSPITAL, MAYABUNDER",PHI,1,15/06/20,15/06/20,14495677,,2443121,DIAGNOSED_NOT_ON_TREATMENT_CLOSED,LALDEV BARAIK,52,Male,," NEAR BIMALA STUDIO, MANDAL VILLA",PORT BLAIR,,DAIRY FARM,MANDAL VILLA,744103,ANDAMAN & NICOBAR ISLANDS,SOUTH ANDAMAN,PORT BLAIR,9476033954,Tobacco,ANDAMAN & NICOBAR ISLANDS,SOUTH ANDAMAN,PORT BLAIR,UHC DAIRY FARM,PHI,8,TBU-ANSAN01,Non-Reactive,,Microscopy ZN and Fluorescent,209,Positive,Yes,,ANDAMAN & NICOBAR ISLANDS,SOUTH ANDAMAN,PORT BLAIR,UHC DAIRY FARM,PHI,8,Retreatment: Others,,,,DUPLICATE_RECORD,22/06/20,Yes                                               ,0,No                                                ,No,,,,,,
ANDAMAN & NICOBAR ISLANDS,SOUTH ANDAMAN,PORT BLAIR,G B PANT HOSPITAL,PHI,4,19/05/20,09/06/20,14433294,,14433294,DIAGNOSED_ON_TREATMENT,NAUSHAD  BEGUM,48,Female,75,"HOUSE NO.22, L.S STREET
LILLY PUR
HADDO",PORT BLAIR,,2,LILLY PUR,744101,ANDAMAN & NICOBAR ISLANDS,SOUTH ANDAMAN,PORT BLAIR,9679537661,Not Applicable,ANDAMAN & NICOBAR ISLANDS,SOUTH ANDAMAN,PORT BLAIR,UHC HADDO,PHI,10,TBU-ANSAN01,Non-Reactive,Diabetic,Microscopy ZN and Fluorescent,770,Positive,Yes,19/05/20,ANDAMAN & NICOBAR ISLANDS,SOUTH ANDAMAN,PORT BLAIR,UHC HADDO,PHI,10,New,,Pulmonary,,,,Yes                                               ,0,Yes                                               ,No,,,,,,
ANDAMAN & NICOBAR ISLANDS,SOUTH ANDAMAN,PORT BLAIR,G B PANT HOSPITAL,PHI,4,08/06/20,13/06/20,14476390,,14476390,DIAGNOSED_ON_TREATMENT,FARIHA ADIB,17,Female,35,DIGNABAD,,PORT BLAIR,5,NEAR SEASHORE,744101,ANDAMAN & NICOBAR ISLANDS,SOUTH ANDAMAN,PORT BLAIR,9476035461,Not Applicable,ANDAMAN & NICOBAR ISLANDS,SOUTH ANDAMAN,PORT BLAIR,G B PANT HOSPITAL,PHI,4,TBU-ANSAN01,Non-Reactive,Non-diabetic,Other,,Clinically Diagnosed TB,No,09/06/20,ANDAMAN & NICOBAR ISLANDS,SOUTH ANDAMAN,PORT BLAIR,G B PANT HOSPITAL,PHI,4,New,,Extra Pulmonary,Lymph Node,,,Yes                                               ,1,Yes                                               ,No,,,,,,
ANDAMAN & NICOBAR ISLANDS,SOUTH ANDAMAN,PORT BLAIR,G B PANT HOSPITAL,PHI,4,02/06/20,13/06/20,14476563,,14476563,DIAGNOSED_OUTCOME_ASSIGNED,SOMNATH KUNDU,27,Male,60,ABERDEEN BAZAR,,PORT BLAIR,,NEAR WESTERN PARK,744101,ANDAMAN & NICOBAR ISLANDS,SOUTH ANDAMAN,PORT BLAIR,8016190761,Not Applicable,ANDAMAN & NICOBAR ISLANDS,SOUTH ANDAMAN,PORT BLAIR,G B PANT HOSPITAL,PHI,4,TBU-ANSAN01,Non-Reactive,Non-diabetic,Other,,Clinically Diagnosed TB,No,02/06/20,ANDAMAN & NICOBAR ISLANDS,SOUTH ANDAMAN,PORT BLAIR,G B PANT HOSPITAL,PHI,4,New,,Extra Pulmonary,Other,NOT_EVALUATED,10/09/20,Yes                                               ,0,No                                                ,No,,,,,,
ANDAMAN & NICOBAR ISLANDS,SOUTH ANDAMAN,PORT BLAIR,G B PANT HOSPITAL,PHI,4,05/06/20,13/06/20,14477047,,14477047,DIAGNOSED_OUTCOME_ASSIGNED,NANDINI V,15,Female,39,"NEAR KESAV TAILOR,
KALI MANDIR,
PREM NAGAR",PORT BLAIR,,6,NEAR KESAV TAILOR,744102,ANDAMAN & NICOBAR ISLANDS,SOUTH ANDAMAN,PORT BLAIR,9933258402,Not Applicable,ANDAMAN & NICOBAR ISLANDS,SOUTH ANDAMAN,PORT BLAIR,UHC JUNGLIGHAT,PHI,7,TBU-ANSAN01,Non-Reactive,Non-diabetic,Other,,Clinically Diagnosed TB,No,06/06/20,ANDAMAN & NICOBAR ISLANDS,SOUTH ANDAMAN,PORT BLAIR,UHC JUNGLIGHAT,PHI,7,New,,Extra Pulmonary,Other,TREATMENT_COMPLETE,08/12/20,Yes                                               ,0,Yes                                               ,No,,,,,,
ANDAMAN & NICOBAR ISLANDS,SOUTH ANDAMAN,PORT BLAIR,G B PANT HOSPITAL,PHI,4,09/06/20,15/06/20,14486388,,14486388,DIAGNOSED_OUTCOME_ASSIGNED,M NOOR MOHAMMED,48,Male,50,PORT MOUT,,,,NEAR SUB CENTRE,744107,ANDAMAN & NICOBAR ISLANDS,SOUTH ANDAMAN,PORT BLAIR,9531855910,Not Applicable,ANDAMAN & NICOBAR ISLANDS,SOUTH ANDAMAN,PORT BLAIR,G B PANT HOSPITAL,PHI,4,TBU-ANSAN01,Non-Reactive,Non-diabetic,Other,,Clinically Diagnosed TB,No,09/06/20,ANDAMAN & NICOBAR ISLANDS,SOUTH ANDAMAN,FERRARGUNJ,PHC CHOULDARI,PHI,6,New,,Extra Pulmonary,Spinal,LOST_TO_FOLLOW_UP,03/07/20,Yes                                               ,0,No                                                ,No,,,,,,
ANDAMAN & NICOBAR ISLANDS,SOUTH ANDAMAN,PORT BLAIR,G B PANT HOSPITAL,PHI,4,09/06/20,15/06/20,14487756,,14487756,DIAGNOSED_OUTCOME_ASSIGNED,REENA XALXO,34,Female,46,"CHAKKARGAON
POLIC QTR.
",PORT BLAIR,,12,"NEAR ARUNAGIRI STORE,",744105,ANDAMAN & NICOBAR ISLANDS,SOUTH ANDAMAN,PORT BLAIR,9474291571,Not Applicable,ANDAMAN & NICOBAR ISLANDS,SOUTH ANDAMAN,PORT BLAIR,UHC SHADIPUR,PHI,6,TBU-ANSAN01,Non-Reactive,Non-diabetic,Microscopy ZN and Fluorescent,862,Positive,Yes,12/06/20,ANDAMAN & NICOBAR ISLANDS,SOUTH ANDAMAN,PORT BLAIR,UHC SHADIPUR,PHI,6,New,,Pulmonary,,CURED,09/12/20,Yes                                               ,0,Yes                                               ,Yes,05/08/20,1049,Negative,28/12/20,1361,Negative
ANDAMAN & NICOBAR ISLANDS,SOUTH ANDAMAN,PORT BLAIR,G B PANT HOSPITAL,PHI,4,06/06/20,15/06/20,14489505,,14489505,DIAGNOSED_ON_TREATMENT,PREMA R,23,Female,56," HOUSE NO. J6/04 
LILLYPUR,
HADDO
",PORT BLAIR,,1,LILLYPUR,744101,ANDAMAN & NICOBAR ISLANDS,SOUTH ANDAMAN,PORT BLAIR,9679511133,Not Applicable,ANDAMAN & NICOBAR ISLANDS,SOUTH ANDAMAN,PORT BLAIR,UHC HADDO,PHI,10,TBU-ANSAN01,Non-Reactive,Non-diabetic,Other,,Clinically Diagnosed TB,No,08/06/20,ANDAMAN & NICOBAR ISLANDS,SOUTH ANDAMAN,PORT BLAIR,UHC HADDO,PHI,10,New,,Extra Pulmonary,Lymph Node,,,Yes                                               ,0,Yes                                               ,No,,,,,,
ANDAMAN & NICOBAR ISLANDS,SOUTH ANDAMAN,PORT BLAIR,G B PANT HOSPITAL,PHI,4,30/05/20,16/06/20,14499397,,14499397,DIAGNOSED_OUTCOME_ASSIGNED,GABRIEL .,25,Male,50,CHAKKARGAON,PORT BLAIR,,21,POLICE QUARTER,744106,ANDAMAN & NICOBAR ISLANDS,SOUTH ANDAMAN,PORT BLAIR,9434261878,Not Applicable,ANDAMAN & NICOBAR ISLANDS,SOUTH ANDAMAN,PORT BLAIR,UHC SHADIPUR,PHI,6,TBU-ANSAN01,Non-Reactive,Non-diabetic,CBNAAT,30GBP20,"M.tb detected, Rif resistance not detected",Yes,30/05/20,ANDAMAN & NICOBAR ISLANDS,NICOBARS,NICOBAR,BJR HOSPITAL,PHI,1,New,,Pulmonary,,TREATMENT_COMPLETE,13/11/20,Yes                                               ,0,Yes                                               ,Yes,31/07/20,279A,Negative,11/11/20,1273 A,Negative
ANDAMAN & NICOBAR ISLANDS,SOUTH ANDAMAN,PORT BLAIR,G B PANT HOSPITAL,PHI,4,14/05/20,17/06/20,14508755,,14508755,DIAGNOSED_OUTCOME_ASSIGNED,BINOD LAKRA,56,Male,56,TUGAPUR,MAYABUNDER,,17,,744204,ANDAMAN & NICOBAR ISLANDS,NORTH & MIDDLE ANDAMAN,MAYABUNDER,8317838646,Not Applicable,ANDAMAN & NICOBAR ISLANDS,SOUTH ANDAMAN,PORT BLAIR,PHC GARACHARMA,PHI,1,TBU-ANSAN01,Unknown,,Microscopy ZN and Fluorescent,778,Positive,Yes,30/05/20,ANDAMAN & NICOBAR ISLANDS,NORTH & MIDDLE ANDAMAN,MAYABUNDER,"DR. R.P.HOSPITAL, MAYABUNDER",PHI,1,Retreatment: Recurrent,,Pulmonary,,LOST_TO_FOLLOW_UP,22/06/20,No                                                ,0,No                                                ,Yes,,,,,,
ANDAMAN & NICOBAR ISLANDS,SOUTH ANDAMAN,PORT BLAIR,G B PANT HOSPITAL,PHI,4,26/06/20,26/06/20,14611349,,14509300,DIAGNOSED_ON_TREATMENT,M KRISHNAN,19,Male,45,NEW PAHAR GOAN NEAR NETAJI NAGAR,PORT BLAIR,,NEW PAHAR GOAN,NEAR NETAJI NAGAR,744105,ANDAMAN & NICOBAR ISLANDS,SOUTH ANDAMAN,PORT BLAIR,9933235569,Other,ANDAMAN & NICOBAR ISLANDS,SOUTH ANDAMAN,PORT BLAIR,PHC GARACHARMA,PHI,1,TBU-ANSAN01,Non-Reactive,Non-diabetic,CBNAAT,92GBP20,"M.tb detected, Rif resistance detected",Yes,26/06/20,ANDAMAN & NICOBAR ISLANDS,SOUTH ANDAMAN,PORT BLAIR,PHC GARACHARMA,PHI,1,PMDT,MDR_SHORT,Pulmonary,,,,Yes                                               ,0,Yes                                               ,Yes,,,,,,
ANDAMAN & NICOBAR ISLANDS,SOUTH ANDAMAN,PORT BLAIR,G B PANT HOSPITAL,PHI,4,05/06/20,17/06/20,14509300,,14509300,DIAGNOSED_OUTCOME_ASSIGNED,KRISHNAN M,19,Male,46,NEW PAHAR GOAN,PORT BLAIR,,17,,744105,ANDAMAN & NICOBAR ISLANDS,SOUTH ANDAMAN,PORT BLAIR,9933235569,Not Applicable,ANDAMAN & NICOBAR ISLANDS,SOUTH ANDAMAN,PORT BLAIR,PHC GARACHARMA,PHI,1,TBU-ANSAN01,Non-Reactive,Unknown,Microscopy ZN and Fluorescent,847,Positive,Yes,16/06/20,ANDAMAN & NICOBAR ISLANDS,SOUTH ANDAMAN,PORT BLAIR,PHC GARACHARMA,PHI,1,New,,Pulmonary,,TREATMENT_REGIMEN_CHANGED,26/06/20,Yes                                               ,0,No                                                ,No,,,,,,
ANDAMAN & NICOBAR ISLANDS,SOUTH ANDAMAN,PORT BLAIR,G B PANT HOSPITAL,PHI,4,26/05/20,17/06/20,14509708,,14509708,DIAGNOSED_NOT_ON_TREATMENT_CLOSED,S LAZAR,60,Male,,"BUNIYADABAD, WAY TO MAJID, OLD I
ITA COMPANY, DELANIPUR",PORT BLAIR,,7,NEAR ITA COMPANY,744101,ANDAMAN & NICOBAR ISLANDS,SOUTH ANDAMAN,PORT BLAIR,7063906482,Not Applicable,ANDAMAN & NICOBAR ISLANDS,SOUTH ANDAMAN,PORT BLAIR,UHC HADDO,PHI,10,TBU-ANSAN01,Unknown,,Microscopy ZN and Fluorescent,821,Positive,Yes,,ANDAMAN & NICOBAR ISLANDS,SOUTH ANDAMAN,PORT BLAIR,UHC HADDO,PHI,10,New,,,,PATIENT_REFUSED,24/06/20,No                                                ,0,No                                                ,Yes,,,,,,
ANDAMAN & NICOBAR ISLANDS,SOUTH ANDAMAN,PORT BLAIR,G B PANT HOSPITAL,PHI,4,13/06/20,17/06/20,14510078,,14510078,DIAGNOSED_ON_TREATMENT,APPAL SWAMY,40,Male,44,DIGNABAD,PORT BLAIR,,4,,744101,ANDAMAN & NICOBAR ISLANDS,SOUTH ANDAMAN,PORT BLAIR,9679590152,Not Applicable,ANDAMAN & NICOBAR ISLANDS,SOUTH ANDAMAN,PORT BLAIR,G B PANT HOSPITAL,PHI,4,TBU-ANSAN01,Non-Reactive,Non-diabetic,Microscopy ZN and Fluorescent,883,Positive,Yes,17/06/20,ANDAMAN & NICOBAR ISLANDS,SOUTH ANDAMAN,PORT BLAIR,G B PANT HOSPITAL,PHI,4,Retreatment: Recurrent,,Pulmonary,,,,Yes                                               ,0,Yes                                               ,Yes,,,,,,
ANDAMAN & NICOBAR ISLANDS,SOUTH ANDAMAN,PORT BLAIR,G B PANT HOSPITAL,PHI,4,04/06/20,17/06/20,14511361,,14511361,DIAGNOSED_NOT_ON_TREATMENT_CLOSED,MOIDEEN P,71,Male,,FERRARGUNJ,,,,,744107,ANDAMAN & NICOBAR ISLANDS,SOUTH ANDAMAN,PORT BLAIR,9476003547,Not Applicable,ANDAMAN & NICOBAR ISLANDS,SOUTH ANDAMAN,FERRARGUNJ,PHC FERRARGUNJ,PHI,3,TBU-ANSAN01,Unknown,,CBNAAT,41GBP20,"M.tb detected, Rif resistance not detected",Yes,,ANDAMAN & NICOBAR ISLANDS,SOUTH ANDAMAN,FERRARGUNJ,PHC FERRARGUNJ,PHI,3,New,,,,NOT_EVALUATED,04/06/20,No                                                ,0,No                                                ,Yes,,,,,,
ANDAMAN & NICOBAR ISLANDS,SOUTH ANDAMAN,PORT BLAIR,G B PANT HOSPITAL,PHI,4,13/06/20,18/06/20,14520836,,14520836,DIAGNOSED_NOT_ON_TREATMENT_CLOSED,SURESH CHANDRA DHALI,50,Male,,HAVELOCK,PORT BLAIR,,,,744211,ANDAMAN & NICOBAR ISLANDS,SOUTH ANDAMAN,PORT BLAIR,9474266362,Not Applicable,ANDAMAN & NICOBAR ISLANDS,SOUTH ANDAMAN,PORT BLAIR,PHC HAVELOCK,PHI,5,TBU-ANSAN01,Unknown,,Microscopy ZN and Fluorescent,885,Positive,Yes,,ANDAMAN & NICOBAR ISLANDS,SOUTH ANDAMAN,PORT BLAIR,PHC HAVELOCK,PHI,5,New,,,,UNTRACEABLE_MIGRATED,24/07/20,No                                                ,0,No                                                ,Yes,,,,,,
ANDAMAN & NICOBAR ISLANDS,SOUTH ANDAMAN,PORT BLAIR,G B PANT HOSPITAL,PHI,4,15/06/20,18/06/20,14522970,,14522970,DIAGNOSED_ON_TREATMENT,RITA BALA,38,Female,40,"KANYA PURAM
WIMBERLYGUNJ
",FERRARGUNJ,,,,744206,ANDAMAN & NICOBAR ISLANDS,SOUTH ANDAMAN,PORT BLAIR,9434270059,Not Applicable,ANDAMAN & NICOBAR ISLANDS,SOUTH ANDAMAN,FERRARGUNJ,PHC WIMBERLYGUNJ,PHI,2,TBU-ANSAN01,Non-Reactive,Non-diabetic,CBNAAT,70GBP20,"M.tb detected, Rif resistance not detected",Yes,20/06/20,ANDAMAN & NICOBAR ISLANDS,SOUTH ANDAMAN,FERRARGUNJ,PHC WIMBERLYGUNJ,PHI,2,New,,Extra Pulmonary,Lymph Node,,,Yes                                               ,0,No                                                ,Yes,,,,,,
ANDAMAN & NICOBAR ISLANDS,SOUTH ANDAMAN,PORT BLAIR,G B PANT HOSPITAL,PHI,4,12/06/20,19/06/20,14535489,,14535489,DIAGNOSED_NOT_ON_TREATMENT_CLOSED,JAMES JOHN,15,Male,,"BARATANG
KRISHNA NAGAR",NORTH AND MIDDLE ANDAMAN,,,NEAR POLICE STATION,744210,ANDAMAN & NICOBAR ISLANDS,SOUTH ANDAMAN,PORT BLAIR,9434278728,Not Applicable,ANDAMAN & NICOBAR ISLANDS,NORTH & MIDDLE ANDAMAN,RANGAT,PHC BARATANG,PHI,4,TBU-ANSAN01,Unknown,,Microscopy ZN and Fluorescent,882,Positive,Yes,,ANDAMAN & NICOBAR ISLANDS,NORTH & MIDDLE ANDAMAN,RANGAT,PHC BARATANG,PHI,4,New,,,,DIED,19/06/20,No                                                ,0,No                                                ,Yes,,,,,,
ANDAMAN & NICOBAR ISLANDS,NICOBARS,NANCOWRIE,CHC NANCOWRIE,PHI,1,17/06/20,19/06/20,14541255,,14541255,DIAGNOSED_OUTCOME_ASSIGNED,SMITH BARMINUS,27,Male,62,"TUHET- KAMOEKU
MALACCA VILLAGE
CAR NICOBAR",CAR NICOBAR,,MALACCA,,744301,ANDAMAN & NICOBAR ISLANDS,NICOBARS,NICOBAR,8900950421,Not Applicable,ANDAMAN & NICOBAR ISLANDS,NICOBARS,NICOBAR,BJR HOSPITAL,PHI,1,TBU-ANNCB01,Non-Reactive,Non-diabetic,CBNAAT,47NAN20,"M.tb detected, Rif resistance not detected",Yes,17/06/20,ANDAMAN & NICOBAR ISLANDS,NICOBARS,NICOBAR,BJR HOSPITAL,PHI,1,Retreatment: Others,,Pulmonary,,TREATMENT_COMPLETE,01/12/20,Yes                                               ,0,Yes                                               ,Yes,10/08/20,286 A,Negative,28/11/20,343 A,Negative
ANDAMAN & NICOBAR ISLANDS,NICOBARS,NANCOWRIE,CHC NANCOWRIE,PHI,1,03/06/20,22/06/20,14550417,,14550417,DIAGNOSED_ON_TREATMENT,GETHSIE GETHSIE,31,Female,42,"GP TYPE 2, JAPAN TIKERY KATCHAL",,,JAPAN TIKERY,"GP TYPE 2, JAPAN TIKERY",744304,ANDAMAN & NICOBAR ISLANDS,NICOBARS,NANCOWRIE,8900961168,Not Applicable,ANDAMAN & NICOBAR ISLANDS,NICOBARS,NANCOWRIE,PHC KATCHAL,PHI,2,TBU-ANNCB03,Non-Reactive,,CBNAAT,42,"M.tb detected, Rif resistance not detected",Yes,03/06/20,ANDAMAN & NICOBAR ISLANDS,NICOBARS,NANCOWRIE,PHC KATCHAL,PHI,2,New,,Pulmonary,,,,Yes                                               ,0,No                                                ,Yes,,,,,,
ANDAMAN & NICOBAR ISLANDS,NICOBARS,NICOBAR,BJR HOSPITAL,PHI,1,09/06/20,22/06/20,14553917,,14553917,DIAGNOSED_OUTCOME_ASSIGNED,VORONA CONSTANTINE,18,Female,48,"TUHET- CHOUKA
PERKA VILLAGE
CAR NICOBAR",CAR NICOBAR,,PERKA,,744301,ANDAMAN & NICOBAR ISLANDS,NICOBARS,NICOBAR,8900983769,Not Applicable,ANDAMAN & NICOBAR ISLANDS,NICOBARS,NICOBAR,BJR HOSPITAL,PHI,1,TBU-ANNCB01,Non-Reactive,Non-diabetic,Chest X Ray,,Clinically Diagnosed TB,Yes,09/06/20,ANDAMAN & NICOBAR ISLANDS,NICOBARS,NICOBAR,BJR HOSPITAL,PHI,1,New,,Pulmonary,,TREATMENT_COMPLETE,24/11/20,Yes                                               ,0,Yes                                               ,Yes,03/08/20,284 A,Negative,23/11/20,335 A,Negative
ANDAMAN & NICOBAR ISLANDS,NICOBARS,NANCOWRIE,CHC NANCOWRIE,PHI,1,17/06/20,22/06/20,14555333,,14555333,DIAGNOSED_OUTCOME_ASSIGNED,SAROJINI IGNATIOUS,20,Female,29,"TUHET- KAPOK
SMALL LAPATHY VILLAGE
CAR NICOBAR
",CAR NICOBAR,,SMALL LAPATHY,,744301,ANDAMAN & NICOBAR ISLANDS,NICOBARS,NICOBAR,9474222697,Contact of Known TB Patients,ANDAMAN & NICOBAR ISLANDS,NICOBARS,NICOBAR,BJR HOSPITAL,PHI,1,TBU-ANNCB01,Non-Reactive,Non-diabetic,CBNAAT,45NAN20,"M.tb detected, Rif resistance not detected",Yes,17/06/20,ANDAMAN & NICOBAR ISLANDS,NICOBARS,NICOBAR,BJR HOSPITAL,PHI,1,New,,Pulmonary,,TREATMENT_COMPLETE,01/12/20,Yes                                               ,0,Yes                                               ,Yes,17/08/20,285 A,Negative,27/11/20,342 A,Negative
ANDAMAN & NICOBAR ISLANDS,NORTH & MIDDLE ANDAMAN,MAYABUNDER,"DR. R.P.HOSPITAL, MAYABUNDER",PHI,1,18/06/20,22/06/20,14555404,,14555404,DIAGNOSED_OUTCOME_ASSIGNED,PANKAJ  MONDAL,30,Male,26,"PINAKINAGAR, BILLIGROUND",MAYABUNDER,,PINAKINAGAR ,NEAR POLICE STATION BILLIGROUND,744201,ANDAMAN & NICOBAR ISLANDS,NORTH & MIDDLE ANDAMAN,MAYABUNDER,9531925561,"Tobacco,Diabetes",ANDAMAN & NICOBAR ISLANDS,NORTH & MIDDLE ANDAMAN,MAYABUNDER,PHC BILLIGROUND,PHI,3,TBU-ANNMA01,Non-Reactive,Diabetic,Microscopy ZN and Fluorescent,58,Positive,Yes,24/06/20,ANDAMAN & NICOBAR ISLANDS,NORTH & MIDDLE ANDAMAN,MAYABUNDER,PHC BILLIGROUND,PHI,3,PMDT,MDR_SHORT,Pulmonary,,TREATMENT_REGIMEN_CHANGED,20/10/20,Yes                                               ,0,Yes                                               ,Yes,,,,,,
ANDAMAN & NICOBAR ISLANDS,NICOBARS,NICOBAR,BJR HOSPITAL,PHI,1,18/06/20,22/06/20,14556727,,14556727,DIAGNOSED_ON_TREATMENT,ANGELINA MANUEL,10,Female,21,"TUHET- PROVINCE
ARONG VILLAGE
CAR NICOBAR",CAR NICOBAR,,ARONG VILLAGE,,744301,ANDAMAN & NICOBAR ISLANDS,NICOBARS,NICOBAR,9531873236,Not Applicable,ANDAMAN & NICOBAR ISLANDS,NICOBARS,NICOBAR,BJR HOSPITAL,PHI,1,TBU-ANNCB01,Non-Reactive,Non-diabetic,Other,,Clinically Diagnosed TB,No,18/06/20,ANDAMAN & NICOBAR ISLANDS,NICOBARS,NICOBAR,BJR HOSPITAL,PHI,1,New,,Extra Pulmonary,Lymph Node,,,Yes                                               ,0,Yes                                               ,No,,,,,,
ANDAMAN & NICOBAR ISLANDS,SOUTH ANDAMAN,PORT BLAIR,G B PANT HOSPITAL,PHI,4,22/06/20,24/06/20,14582407,,14582407,DIAGNOSED_OUTCOME_ASSIGNED,ESMATARA KHATOON,20,Female,59,SOUTH POINT,,PORT BLAIR ,11,NEAR MASJID,744101,ANDAMAN & NICOBAR ISLANDS,SOUTH ANDAMAN,PORT BLAIR,9679596397,Not Applicable,ANDAMAN & NICOBAR ISLANDS,SOUTH ANDAMAN,PORT BLAIR,UHC SHADIPUR,PHI,6,TBU-ANSAN01,Non-Reactive,Non-diabetic,Other,,Clinically Diagnosed TB,No,23/06/20,ANDAMAN & NICOBAR ISLANDS,SOUTH ANDAMAN,PORT BLAIR,UHC SHADIPUR,PHI,6,New,,Extra Pulmonary,Pleural,TREATMENT_COMPLETE,15/12/20,Yes                                               ,0,Yes                                               ,No,,,,,,
ANDAMAN & NICOBAR ISLANDS,SOUTH ANDAMAN,PORT BLAIR,G B PANT HOSPITAL,PHI,4,19/06/20,25/06/20,14596730,,14596730,DIAGNOSED_OUTCOME_ASSIGNED,MALTI  BAI,56,Female,47,"H/SSA/180, LAMBA LINE",PORT BLAIR,,15,NEAR WATER SECTION,744103,ANDAMAN & NICOBAR ISLANDS,SOUTH ANDAMAN,PORT BLAIR,9933234774,Not Applicable,ANDAMAN & NICOBAR ISLANDS,SOUTH ANDAMAN,PORT BLAIR,UHC DAIRY FARM,PHI,8,TBU-ANSAN01,Non-Reactive,Non-diabetic,Microscopy ZN and Fluorescent,912,Positive,Yes,20/06/20,ANDAMAN & NICOBAR ISLANDS,SOUTH ANDAMAN,PORT BLAIR,UHC DAIRY FARM,PHI,8,New,,Pulmonary,,CURED,04/12/20,Yes                                               ,0,Yes                                               ,Yes,20/10/20,1191,Negative,,,
ANDAMAN & NICOBAR ISLANDS,SOUTH ANDAMAN,PORT BLAIR,G B PANT HOSPITAL,PHI,4,25/06/20,25/06/20,14598271,,14598271,DIAGNOSED_ON_TREATMENT,S RAMA RAO,68,Male,45,ATTAM PAHAR NEAR SHRI RAM NAGAR,PORT BLAIR,,ATTAM PAHAR,NEAR SHRI RAM NAGAR,744105,ANDAMAN & NICOBAR ISLANDS,SOUTH ANDAMAN,PORT BLAIR,9474214798,Diabetes,ANDAMAN & NICOBAR ISLANDS,SOUTH ANDAMAN,PORT BLAIR,PHC GARACHARMA,PHI,1,TBU-ANSAN01,Non-Reactive,Diabetic,CBNAAT,91GBP20,"M.tb detected, Rif resistance detected",Yes,25/06/20,ANDAMAN & NICOBAR ISLANDS,SOUTH ANDAMAN,PORT BLAIR,PHC GARACHARMA,PHI,1,PMDT,MDR_SHORT,Pulmonary,,,,Yes                                               ,0,Yes                                               ,Yes,,,,,,
ANDAMAN & NICOBAR ISLANDS,NICOBARS,NICOBAR,BJR HOSPITAL,PHI,1,18/06/20,25/06/20,14603735,,14603735,DIAGNOSED_ON_TREATMENT,PERPITUA LAZARUS,23,Female,49,"TUHET- NYOK
PERKA VILLAGE
CAR NICOBAR",CAR NICOBAR,,PERKA VILLAGE,,744301,ANDAMAN & NICOBAR ISLANDS,NICOBARS,NICOBAR,9474272196,Not Applicable,ANDAMAN & NICOBAR ISLANDS,NICOBARS,NICOBAR,BJR HOSPITAL,PHI,1,TBU-ANNCB01,Non-Reactive,Non-diabetic,Other,,Clinically Diagnosed TB,No,19/06/20,ANDAMAN & NICOBAR ISLANDS,NICOBARS,NICOBAR,BJR HOSPITAL,PHI,1,Retreatment: Others,,Extra Pulmonary,Lymph Node,,,Yes                                               ,0,Yes                                               ,No,17/08/20,290 A,Negative,,,
ANDAMAN & NICOBAR ISLANDS,NICOBARS,NICOBAR,BJR HOSPITAL,PHI,1,24/06/20,25/06/20,14605798,,14605798,DIAGNOSED_OUTCOME_ASSIGNED,MADINA LAWSON,14,Female,3,"TUHET- HOK
MUS VILLAGE
CAR NICOBAR",CAR NICOBAR,,MUS VILLAGE,,744301,ANDAMAN & NICOBAR ISLANDS,NICOBARS,NICOBAR,9531966773,Not Applicable,ANDAMAN & NICOBAR ISLANDS,NICOBARS,NICOBAR,BJR HOSPITAL,PHI,1,TBU-ANNCB01,Non-Reactive,Non-diabetic,Other,,Clinically Diagnosed TB,No,25/06/20,ANDAMAN & NICOBAR ISLANDS,NICOBARS,NICOBAR,BJR HOSPITAL,PHI,1,New,,Extra Pulmonary,Lymph Node,TREATMENT_COMPLETE,09/12/20,Yes                                               ,0,Yes                                               ,No,06/07/20,237 A,Negative,,,
ANDAMAN & NICOBAR ISLANDS,NICOBARS,NANCOWRIE,CHC NANCOWRIE,PHI,1,23/06/20,25/06/20,14605991,,14605991,DIAGNOSED_OUTCOME_ASSIGNED,APOLUS BENHUR,43,Male,42,"TUHET -HONGKUMRUH
ARONG VILLAGE
CAR NICOBAR",CAR NICOBAR,,ARONG VILLAGE,,744301,ANDAMAN & NICOBAR ISLANDS,NICOBARS,NICOBAR,9476039288,Contact of Known TB Patients,ANDAMAN & NICOBAR ISLANDS,NICOBARS,NICOBAR,BJR HOSPITAL,PHI,1,TBU-ANNCB01,Non-Reactive,Non-diabetic,CBNAAT,54 NAN 20,"M.tb detected, Rif resistance not detected",Yes,24/06/20,ANDAMAN & NICOBAR ISLANDS,NICOBARS,NICOBAR,BJR HOSPITAL,PHI,1,New,,Pulmonary,,DIED,01/07/20,Yes                                               ,0,Yes                                               ,Yes,,,,,,
ANDAMAN & NICOBAR ISLANDS,SOUTH ANDAMAN,PORT BLAIR,G B PANT HOSPITAL,PHI,4,25/06/20,26/06/20,14609709,,14609709,DIAGNOSED_ON_TREATMENT,T KAMALA,55,Female,48,ROUND BASTHI,,PORT BLAIR,4,NEAR ANGAN WADI,744101,ANDAMAN & NICOBAR ISLANDS,SOUTH ANDAMAN,PORT BLAIR,9933208992,Not Applicable,ANDAMAN & NICOBAR ISLANDS,SOUTH ANDAMAN,PORT BLAIR,G B PANT HOSPITAL,PHI,4,TBU-ANSAN01,Reactive,Non-diabetic,Chest X Ray,,Clinically Diagnosed TB,No,26/06/20,ANDAMAN & NICOBAR ISLANDS,SOUTH ANDAMAN,PORT BLAIR,G B PANT HOSPITAL,PHI,4,Retreatment: Recurrent,,Pulmonary,,,,Yes                                               ,0,Yes                                               ,No,,,,,,
ANDAMAN & NICOBAR ISLANDS,SOUTH ANDAMAN,PORT BLAIR,G B PANT HOSPITAL,PHI,4,15/06/20,26/06/20,14614288,,14614288,DIAGNOSED_ON_TREATMENT,B  Hemalatha,31,Female,66,"Near TTI college, Garacharma, PortBlair ",South Andaman ,Garacharma ,,Near TTI college ,744101,ANDAMAN & NICOBAR ISLANDS,SOUTH ANDAMAN,PORT BLAIR,9679520611,Other,ANDAMAN & NICOBAR ISLANDS,SOUTH ANDAMAN,PORT BLAIR,PHC GARACHARMA,PHI,1,TBU-ANSAN01,Non-Reactive,Non-diabetic,Other,,Clinically Diagnosed TB,No,16/06/20,ANDAMAN & NICOBAR ISLANDS,SOUTH ANDAMAN,PORT BLAIR,PHC GARACHARMA,PHI,1,New,,Extra Pulmonary,Lymph Node,,,Yes                                               ,0,Yes                                               ,No,,,,,,
ANDAMAN & NICOBAR ISLANDS,SOUTH ANDAMAN,PORT BLAIR,G B PANT HOSPITAL,PHI,4,23/06/20,26/06/20,14614727,,14614727,DIAGNOSED_ON_TREATMENT,MISS SHIRELY,50,Female,30,ABERDEEN BAZAR,,PORT BLAIR,5,NEAR PRE PRIMARY KAMARAJ SCHOOL,744101,ANDAMAN & NICOBAR ISLANDS,SOUTH ANDAMAN,PORT BLAIR,9474227379,Not Applicable,ANDAMAN & NICOBAR ISLANDS,SOUTH ANDAMAN,PORT BLAIR,G B PANT HOSPITAL,PHI,4,TBU-ANSAN01,Non-Reactive,Non-diabetic,Other,,Clinically Diagnosed TB,No,23/06/20,ANDAMAN & NICOBAR ISLANDS,SOUTH ANDAMAN,PORT BLAIR,G B PANT HOSPITAL,PHI,4,New,,Extra Pulmonary,Abdominal,,,Yes                                               ,0,No                                                ,No,,,,,,
ANDAMAN & NICOBAR ISLANDS,SOUTH ANDAMAN,PORT BLAIR,G B PANT HOSPITAL,PHI,4,20/06/20,26/06/20,14615204,,14615204,DIAGNOSED_OUTCOME_ASSIGNED,K SAIRA BIBI,30,Female,47,AZAD NAGAR,FERRARGUNJ,,STEWARTGUNJ,NEAR MES SCHOOL,744107,ANDAMAN & NICOBAR ISLANDS,SOUTH ANDAMAN,FERRARGUNJ,9679592238,Not Applicable,ANDAMAN & NICOBAR ISLANDS,SOUTH ANDAMAN,FERRARGUNJ,CHC BAMBOOFLAT,PHI,1,TBU-ANSAN02,Unknown,,Other,,Clinically Diagnosed TB,No,22/06/20,ANDAMAN & NICOBAR ISLANDS,SOUTH ANDAMAN,FERRARGUNJ,CHC BAMBOOFLAT,PHI,1,New,,Extra Pulmonary,Other,TREATMENT_COMPLETE,23/09/20,Yes                                               ,0,Yes                                               ,No,,,,,,
ANDAMAN & NICOBAR ISLANDS,SOUTH ANDAMAN,PORT BLAIR,G B PANT HOSPITAL,PHI,4,29/05/20,26/06/20,14620188,,14620188,DIAGNOSED_ON_TREATMENT,M Sarojni Devi,32,Female,35,"Opp. Polytechnic, ward no.  17, Dolly Gunj, Port Blair. ",South Andaman,Dolly Gunj,Ward No.  17 ,Opp.  Polytechnic ,744101,ANDAMAN & NICOBAR ISLANDS,SOUTH ANDAMAN,PORT BLAIR,9679554343,Other,ANDAMAN & NICOBAR ISLANDS,SOUTH ANDAMAN,PORT BLAIR,PHC GARACHARMA,PHI,1,TBU-ANSAN01,Non-Reactive,Non-diabetic,Chest X Ray,,Clinically Diagnosed TB,No,01/06/20,ANDAMAN & NICOBAR ISLANDS,SOUTH ANDAMAN,PORT BLAIR,PHC GARACHARMA,PHI,1,New,,Extra Pulmonary,Pleural,,,Yes                                               ,0,Yes                                               ,No,29/09/20,1135,Negative,,,
ANDAMAN & NICOBAR ISLANDS,NORTH & MIDDLE ANDAMAN,MAYABUNDER,"DR. R.P.HOSPITAL, MAYABUNDER",PHI,1,25/06/20,27/06/20,14621630,,14621630,DIAGNOSED_OUTCOME_ASSIGNED,BARNABAS KUJUR,62,Male,47,TUGAPUR ,,,TUGAPUR 8 NO,NEAR SCHOOL,744204,ANDAMAN & NICOBAR ISLANDS,NORTH & MIDDLE ANDAMAN,MAYABUNDER,9474287496,Other,ANDAMAN & NICOBAR ISLANDS,NORTH & MIDDLE ANDAMAN,MAYABUNDER,PHC TUGAPUR,PHI,2,TBU-ANNMA01,Non-Reactive,Non-diabetic,Microscopy ZN and Fluorescent,61,Positive,Yes,26/06/20,ANDAMAN & NICOBAR ISLANDS,NORTH & MIDDLE ANDAMAN,MAYABUNDER,PHC TUGAPUR,PHI,2,New,,Pulmonary,,CURED,10/12/20,Yes                                               ,0,Yes                                               ,Yes,21/08/20,77,Negative,07/12/20,108,Negative
ANDAMAN & NICOBAR ISLANDS,SOUTH ANDAMAN,LITTLE ANDAMAN,PHC HUTBAY,PHI,1,03/06/20,27/06/20,14629350,,14629350,DIAGNOSED_OUTCOME_ASSIGNED,Clarina . ,30,Female,53,"22/B,  Harminder  Bay,  Hutbay,  Little Andaman ",South Andaman,Harminder Bay ,,House No. 22/B,744207,ANDAMAN & NICOBAR ISLANDS,SOUTH ANDAMAN,LITTLE ANDAMAN,9531844021,Other,ANDAMAN & NICOBAR ISLANDS,SOUTH ANDAMAN,LITTLE ANDAMAN,PHC HUTBAY,PHI,1,TBU-ANSAN03,Non-Reactive,Non-diabetic,Microscopy ZN and Fluorescent,12,Positive,Yes,04/06/20,ANDAMAN & NICOBAR ISLANDS,NORTH & MIDDLE ANDAMAN,RANGAT,PHC KADAMTALA,PHI,2,New,,Pulmonary,,CURED,18/11/20,Yes                                               ,0,Yes                                               ,Yes,,,,,,
ANDAMAN & NICOBAR ISLANDS,SOUTH ANDAMAN,LITTLE ANDAMAN,PHC HUTBAY,PHI,1,13/06/20,27/06/20,14629411,,14629411,DIAGNOSED_OUTCOME_ASSIGNED,Jane . ,64,Female,44,"39/A, Near HWC Harminder Bay, Hutbay, Little Andaman. ",South Andaman ,Harminder Bay ,,House No. 39/A,744207,ANDAMAN & NICOBAR ISLANDS,SOUTH ANDAMAN,LITTLE ANDAMAN,9476046137,Other,ANDAMAN & NICOBAR ISLANDS,SOUTH ANDAMAN,LITTLE ANDAMAN,PHC HUTBAY,PHI,1,TBU-ANSAN03,Non-Reactive,Non-diabetic,Microscopy ZN and Fluorescent,18,Positive,Yes,17/06/20,ANDAMAN & NICOBAR ISLANDS,SOUTH ANDAMAN,LITTLE ANDAMAN,PHC HUTBAY,PHI,1,New,,Pulmonary,,TREATMENT_REGIMEN_CHANGED,30/06/20,Yes                                               ,0,Yes                                               ,Yes,,,,,,
ANDAMAN & NICOBAR ISLANDS,SOUTH ANDAMAN,PORT BLAIR,G B PANT HOSPITAL,PHI,4,11/06/20,28/06/20,14631272,,14631272,DIAGNOSED_ON_TREATMENT,PS Kannan ,44,Male,60,"Near pan shop, ward no. 20,Austinabad,PortBlair ",South ANDAMAN ,Austinabad ,20,Near pan shop,744101,ANDAMAN & NICOBAR ISLANDS,SOUTH ANDAMAN,PORT BLAIR,9531931813,Other,ANDAMAN & NICOBAR ISLANDS,SOUTH ANDAMAN,PORT BLAIR,PHC GARACHARMA,PHI,1,TBU-ANSAN01,Non-Reactive,Non-diabetic,Chest X Ray,,Clinically Diagnosed TB,No,13/06/20,ANDAMAN & NICOBAR ISLANDS,SOUTH ANDAMAN,PORT BLAIR,PHC GARACHARMA,PHI,1,New,,Extra Pulmonary,Pleural,,,Yes                                               ,0,Yes                                               ,No,,,,,,
ANDAMAN & NICOBAR ISLANDS,NORTH & MIDDLE ANDAMAN,MAYABUNDER,"DR. R.P.HOSPITAL, MAYABUNDER",PHI,1,02/06/20,30/06/20,14650373,,14650373,DIAGNOSED_OUTCOME_ASSIGNED,CHARIYA INDWAR,60,Female,37,"V S PALLY , DIGLIPUR",DIGLIPUR,,V S PALLY,NEAR ANGANWADI CENTRE ,744202,ANDAMAN & NICOBAR ISLANDS,NORTH & MIDDLE ANDAMAN,DIGLIPUR,8900954164,Tobacco,ANDAMAN & NICOBAR ISLANDS,NORTH & MIDDLE ANDAMAN,DIGLIPUR,CHC DIGLIPUR,PHI,1,TBU-ANNMA03,Non-Reactive,Non-diabetic,CBNAAT,65  RPH,"M.tb detected, Rif resistance not detected",Yes,04/06/20,ANDAMAN & NICOBAR ISLANDS,NORTH & MIDDLE ANDAMAN,DIGLIPUR,CHC DIGLIPUR,PHI,1,New,,Pulmonary,,DIED,10/10/20,Yes                                               ,0,Yes                                               ,Yes,,,,,,
ANDAMAN & NICOBAR ISLANDS,NORTH & MIDDLE ANDAMAN,DIGLIPUR,CHC DIGLIPUR,PHI,1,15/06/20,01/07/20,14661302,,8772682,DIAGNOSED_OUTCOME_ASSIGNED,BEENA  SURIN,41,Female,41,"SUBASH GRAM , DIGLIPUR",DIGLIPUR,,SUBASH GRAM,,744202,ANDAMAN & NICOBAR ISLANDS,NORTH & MIDDLE ANDAMAN,DIGLIPUR,9531947599,"Other,Diabetes",ANDAMAN & NICOBAR ISLANDS,NORTH & MIDDLE ANDAMAN,DIGLIPUR,CHC DIGLIPUR,PHI,1,TBU-ANNMA03,Non-Reactive,Diabetic,Microscopy ZN and Fluorescent,128,Positive,Yes,22/06/20,ANDAMAN & NICOBAR ISLANDS,NORTH & MIDDLE ANDAMAN,DIGLIPUR,CHC DIGLIPUR,PHI,1,Retreatment: Others,,Pulmonary,,CURED,09/12/20,Yes                                               ,0,No                                                ,Yes,07/09/20,158,Negative,08/12/20,187,Negative
ANDAMAN & NICOBAR ISLANDS,SOUTH ANDAMAN,PORT BLAIR,G B PANT HOSPITAL,PHI,4,15/06/20,01/07/20,14662375,,12968682,DIAGNOSED_NOT_ON_TREATMENT_CLOSED,RAJA VEL,65,Male,,"NEAR S L BAR
ROUND BASTHI",,PORT BLAIR,4,NEAR S L BAR,744101,ANDAMAN & NICOBAR ISLANDS,SOUTH ANDAMAN,PORT BLAIR,9933238994,Not Applicable,ANDAMAN & NICOBAR ISLANDS,SOUTH ANDAMAN,PORT BLAIR,G B PANT HOSPITAL,PHI,4,TBU-ANSAN01,Unknown,,Microscopy ZN and Fluorescent,889,Positive,Yes,,ANDAMAN & NICOBAR ISLANDS,SOUTH ANDAMAN,PORT BLAIR,G B PANT HOSPITAL,PHI,4,Retreatment: Others,,,,PATIENT_REFUSED,08/07/20,No                                                ,0,No                                                ,Yes,,,,,,
ANDAMAN & NICOBAR ISLANDS,SOUTH ANDAMAN,PORT BLAIR,G B PANT HOSPITAL,PHI,4,30/06/20,09/07/20,14738768,,14629411,DIAGNOSED_OUTCOME_ASSIGNED,JANE ELAIZAH,64,Female,49,"39/A, Near HWC Harminder Bay, Hutbay, Little Andaman. ",South Andaman ,,,House No. 39/A,744207,ANDAMAN & NICOBAR ISLANDS,SOUTH ANDAMAN,LITTLE ANDAMAN,9476046137,Other,ANDAMAN & NICOBAR ISLANDS,SOUTH ANDAMAN,LITTLE ANDAMAN,PHC HUTBAY,PHI,1,TBU-ANSAN03,Non-Reactive,Diabetic,CBNAAT,118GBP20,"M.tb detected, Rif resistance detected",Yes,09/07/20,ANDAMAN & NICOBAR ISLANDS,NICOBARS,NICOBAR,BJR HOSPITAL,PHI,1,Retreatment: Recurrent,,Pulmonary,,TREATMENT_REGIMEN_CHANGED,17/09/20,Yes                                               ,0,No                                                ,Yes,,,,,,
ANDAMAN & NICOBAR ISLANDS,NORTH & MIDDLE ANDAMAN,MAYABUNDER,"DR. R.P.HOSPITAL, MAYABUNDER",PHI,1,12/06/20,30/06/20,14651785,,14651785,DIAGNOSED_OUTCOME_ASSIGNED,ARBIND DAS,60,Male,40,"DASHRATPUR , RANGAT",RANGAT,,WARD NO. 5,NEAR AWC DASHRATPUR,744205,ANDAMAN & NICOBAR ISLANDS,NORTH & MIDDLE ANDAMAN,RANGAT,9474219482,"Diabetes,Tobacco",ANDAMAN & NICOBAR ISLANDS,NORTH & MIDDLE ANDAMAN,RANGAT,CHC RANGAT,PHI,1,TBU-ANNMA02,Non-Reactive,Non-diabetic,CBNAAT,69 RPH,"M.tb detected, Rif resistance not detected",Yes,15/06/20,ANDAMAN & NICOBAR ISLANDS,NORTH & MIDDLE ANDAMAN,RANGAT,CHC RANGAT,PHI,1,Retreatment: Recurrent,,Pulmonary,,CURED,29/11/20,Yes                                               ,0,Yes                                               ,Yes,20/08/20,129,Negative,,,
ANDAMAN & NICOBAR ISLANDS,SOUTH ANDAMAN,PORT BLAIR,G B PANT HOSPITAL,PHI,4,27/06/20,01/07/20,14661290,,14661290,DIAGNOSED_OUTCOME_ASSIGNED,ABRAN SINGH,58,Male,168,"MAZAR PAHAR
SHADIPUR
",PORT BLAIR,,10,NEAR BSNL TY-3 QTR,744106,ANDAMAN & NICOBAR ISLANDS,SOUTH ANDAMAN,PORT BLAIR,9476014133,Not Applicable,ANDAMAN & NICOBAR ISLANDS,SOUTH ANDAMAN,PORT BLAIR,UHC SHADIPUR,PHI,6,TBU-ANSAN01,Non-Reactive,Diabetic,Microscopy ZN and Fluorescent,940,Positive,Yes,27/06/20,ANDAMAN & NICOBAR ISLANDS,SOUTH ANDAMAN,PORT BLAIR,UHC SHADIPUR,PHI,6,New,,Pulmonary,,CURED,03/12/20,Yes                                               ,0,Yes                                               ,Yes,04/11/20,1245,Negative,,,
ANDAMAN & NICOBAR ISLANDS,SOUTH ANDAMAN,LITTLE ANDAMAN,PHC HUTBAY,PHI,1,15/04/20,02/07/20,14669478,,14669478,DIAGNOSED_OUTCOME_ASSIGNED,Sanjay  Minj,25,Male,42,"Shelter No. G10/10B,ongi Tirkey, Hutbay, Little Andaman, South ANDAMAN, Andaman & Nicobar Islands",SOUTH Andaman ,ONGI Tirkey ,,G10/10B,744207,ANDAMAN & NICOBAR ISLANDS,SOUTH ANDAMAN,LITTLE ANDAMAN,9476098401,Other,ANDAMAN & NICOBAR ISLANDS,SOUTH ANDAMAN,LITTLE ANDAMAN,PHC HUTBAY,PHI,1,TBU-ANSAN03,Non-Reactive,Non-diabetic,Chest X Ray,,Clinically Diagnosed TB,No,22/04/20,ANDAMAN & NICOBAR ISLANDS,SOUTH ANDAMAN,LITTLE ANDAMAN,PHC HUTBAY,PHI,1,New,,Extra Pulmonary,Pleural,CURED,21/10/20,Yes                                               ,0,Yes                                               ,No,,,,21/10/20,26,Negative
ANDAMAN & NICOBAR ISLANDS,SOUTH ANDAMAN,PORT BLAIR,G B PANT HOSPITAL,PHI,4,27/06/20,02/07/20,14670279,,14670279,DIAGNOSED_ON_TREATMENT,BHUTHU MURMU,40,Male,40,BROKSHABAD,PORT BLAIR,,,NEAR CRUSHER,744105,ANDAMAN & NICOBAR ISLANDS,SOUTH ANDAMAN,PORT BLAIR,9479508470,Not Applicable,ANDAMAN & NICOBAR ISLANDS,SOUTH ANDAMAN,PORT BLAIR,PHC GARACHARMA,PHI,1,TBU-ANSAN01,Unknown,,Microscopy ZN and Fluorescent,939,Positive,Yes,06/07/20,ANDAMAN & NICOBAR ISLANDS,SOUTH ANDAMAN,PORT BLAIR,PHC GARACHARMA,PHI,1,New,,Pulmonary,,,,No                                                ,0,No                                                ,Yes,,,,,,
ANDAMAN & NICOBAR ISLANDS,NICOBARS,NANCOWRIE,PHC KATCHAL,PHI,2,26/06/20,02/07/20,14670705,,14670705,DIAGNOSED_OUTCOME_ASSIGNED,JANSI  RUBINA,7,Female,18,JAPAN TIKERY KATCHAL,,,JAPAN TIKERY,,744304,ANDAMAN & NICOBAR ISLANDS,NICOBARS,NANCOWRIE,9434276474,Not Applicable,ANDAMAN & NICOBAR ISLANDS,NICOBARS,NANCOWRIE,PHC KATCHAL,PHI,2,TBU-ANNCB03,Non-Reactive,Non-diabetic,Other,,Clinically Diagnosed TB,No,26/06/20,ANDAMAN & NICOBAR ISLANDS,NICOBARS,NANCOWRIE,PHC KATCHAL,PHI,2,New,,Extra Pulmonary,Lymph Node,TREATMENT_COMPLETE,10/12/20,Yes                                               ,0,No                                                ,No,,,,,,
ANDAMAN & NICOBAR ISLANDS,SOUTH ANDAMAN,PORT BLAIR,G B PANT HOSPITAL,PHI,4,06/06/20,02/07/20,14672622,,14672622,DIAGNOSED_OUTCOME_ASSIGNED,V A PRIYANKA DEVANGI,22,Female,45,SHORE POINT BAMBOOFLAT,FERRARGUNJ,,FERRARGUNJ,NEAR SC SHORE POINT,744107,ANDAMAN & NICOBAR ISLANDS,SOUTH ANDAMAN,FERRARGUNJ,9531924055,Not Applicable,ANDAMAN & NICOBAR ISLANDS,SOUTH ANDAMAN,FERRARGUNJ,CHC BAMBOOFLAT,PHI,1,TBU-ANSAN02,Non-Reactive,Non-diabetic,Chest X Ray,,Clinically Diagnosed TB,No,12/06/20,ANDAMAN & NICOBAR ISLANDS,SOUTH ANDAMAN,FERRARGUNJ,CHC BAMBOOFLAT,PHI,1,New,,Extra Pulmonary,Lymph Node,TREATMENT_COMPLETE,15/12/20,Yes                                               ,0,Yes                                               ,No,,,,,,
ANDAMAN & NICOBAR ISLANDS,SOUTH ANDAMAN,PORT BLAIR,G B PANT HOSPITAL,PHI,4,13/06/20,02/07/20,14673953,,14673953,DIAGNOSED_ON_TREATMENT,AJITH  KERKETTA,48,Male,40,HASMATABAD INDRANAGAR MANGLUTAN,FERRARGUNJ,,HASMATABAD,INDRANAGAR ,744103,ANDAMAN & NICOBAR ISLANDS,SOUTH ANDAMAN,FERRARGUNJ,9679540422,Not Applicable,ANDAMAN & NICOBAR ISLANDS,SOUTH ANDAMAN,FERRARGUNJ,PHC MANGLUTAN,PHI,4,TBU-ANSAN02,Unknown,,Chest X Ray,,Clinically Diagnosed TB,No,18/06/20,ANDAMAN & NICOBAR ISLANDS,SOUTH ANDAMAN,FERRARGUNJ,PHC MANGLUTAN,PHI,4,Retreatment: Others,,Pulmonary,,,,Yes                                               ,0,Yes                                               ,No,,,,,,
ANDAMAN & NICOBAR ISLANDS,SOUTH ANDAMAN,PORT BLAIR,G B PANT HOSPITAL,PHI,4,18/06/20,03/07/20,14681746,,14681746,DIAGNOSED_ON_TREATMENT,D SREE LAXMI,20,Female,45,MANARGHAT,,WIMBERLYGUNJ,2,NEAR RANGER OFFICE,744206,ANDAMAN & NICOBAR ISLANDS,SOUTH ANDAMAN,PORT BLAIR,9679550208,Not Applicable,ANDAMAN & NICOBAR ISLANDS,SOUTH ANDAMAN,PORT BLAIR,G B PANT HOSPITAL,PHI,4,TBU-ANSAN01,Non-Reactive,Non-diabetic,Other,,Clinically Diagnosed TB,No,03/07/20,ANDAMAN & NICOBAR ISLANDS,SOUTH ANDAMAN,FERRARGUNJ,PHC WIMBERLYGUNJ,PHI,2,Retreatment: Recurrent,,Extra Pulmonary,Lymph Node,,,Yes                                               ,0,Yes                                               ,Yes,,,,,,
ANDAMAN & NICOBAR ISLANDS,SOUTH ANDAMAN,PORT BLAIR,G B PANT HOSPITAL,PHI,4,26/06/20,06/07/20,14706577,,14706577,DIAGNOSED_ON_TREATMENT,VERA .,18,Female,45,SISTY NAGAR,,PORT BLAIR,4,OPP TO SUNNY VALE,744101,ANDAMAN & NICOBAR ISLANDS,SOUTH ANDAMAN,PORT BLAIR,9531823967,Not Applicable,ANDAMAN & NICOBAR ISLANDS,SOUTH ANDAMAN,PORT BLAIR,G B PANT HOSPITAL,PHI,4,TBU-ANSAN01,Non-Reactive,Non-diabetic,Chest X Ray,,Clinically Diagnosed TB,No,26/06/20,ANDAMAN & NICOBAR ISLANDS,SOUTH ANDAMAN,PORT BLAIR,G B PANT HOSPITAL,PHI,4,New,,Extra Pulmonary,Lymph Node,,,Yes                                               ,0,Yes                                               ,No,,,,,,
ANDAMAN & NICOBAR ISLANDS,SOUTH ANDAMAN,PORT BLAIR,G B PANT HOSPITAL,PHI,4,05/06/20,12/07/20,14763612,,14763612,DIAGNOSED_ON_TREATMENT,SARVAJIT SAJJAL,26,Male,60,"SWARAJGRAM, RADHANAGAR",DIGLIPUR,,2,NEAR SWARAJGRAM SCHOOL,744202,ANDAMAN & NICOBAR ISLANDS,NORTH & MIDDLE ANDAMAN,DIGLIPUR,9476018207,Diabetes,ANDAMAN & NICOBAR ISLANDS,NORTH & MIDDLE ANDAMAN,DIGLIPUR,PHC RADHA NAGAR,PHI,3,TBU-ANNMA03,Non-Reactive,Diabetic,Other,,Clinically Diagnosed TB,No,06/06/20,ANDAMAN & NICOBAR ISLANDS,NORTH & MIDDLE ANDAMAN,DIGLIPUR,PHC RADHA NAGAR,PHI,3,New,,Extra Pulmonary,Other,,,Yes                                               ,0,Yes                                               ,No,,,,,,
ANDAMAN & NICOBAR ISLANDS,SOUTH ANDAMAN,PORT BLAIR,G B PANT HOSPITAL,PHI,4,01/05/20,13/07/20,14770494,,14770494,DIAGNOSED_ON_TREATMENT,GEETHAMMA GEETHAMMA,51,Female,67,"House No57,Shivalaya,Gandhi Housing Co Operative Society,VILL Prothrapur,Garacharama,South Andaman",,Garacharama,,,744105,KERALA,PATHANAMTHITTA,RANNI,9531851036,Not Applicable,KERALA,PATHANAMTHITTA,RANNI,GH PATHANAMTHITTA,PHI,18,DTO-KEPTM,Non-Reactive,Diabetic,Other,,Clinically Diagnosed TB,No,01/05/20,ANDAMAN & NICOBAR ISLANDS,SOUTH ANDAMAN,PORT BLAIR,PHC GARACHARMA,PHI,1,New,,Extra Pulmonary,Other,,,Yes                                               ,0,Yes                                               ,No,,,,,,
ANDAMAN & NICOBAR ISLANDS,SOUTH ANDAMAN,PORT BLAIR,G B PANT HOSPITAL,PHI,4,09/06/20,15/07/20,14789434,,14789434,DIAGNOSED_ON_TREATMENT,SUMBRAY KUMAR,38,Male,64,"SHAJEEVAN COLONY, HADDO",SOUTH ANDAMAN,PORT BLAIR ,2,SHAJEEVAN COLONY,744101,ANDAMAN & NICOBAR ISLANDS,SOUTH ANDAMAN,PORT BLAIR,9933250948,Not Applicable,ANDAMAN & NICOBAR ISLANDS,SOUTH ANDAMAN,PORT BLAIR,UHC HADDO,PHI,10,TBU-ANSAN01,Non-Reactive,Non-diabetic,Other,,Clinically Diagnosed TB,No,10/06/20,ANDAMAN & NICOBAR ISLANDS,SOUTH ANDAMAN,PORT BLAIR,UHC HADDO,PHI,10,New,,Extra Pulmonary,Lymph Node,,,Yes                                               ,0,Yes                                               ,No,,,,,,
ANDAMAN & NICOBAR ISLANDS,NICOBARS,NANCOWRIE,CHC NANCOWRIE,PHI,1,22/06/20,21/07/20,14837742,,14837742,DIAGNOSED_OUTCOME_ASSIGNED,AJIT  KUMAR,30,Male,39,"PERKA VILLAGE 
CAR NICOBAR",CAR NICOBAR,,PERKA VILLAGE ,,744301,ANDAMAN & NICOBAR ISLANDS,NICOBARS,NICOBAR,9474271995,Not Applicable,ANDAMAN & NICOBAR ISLANDS,NICOBARS,NICOBAR,BJR HOSPITAL,PHI,1,TBU-ANNCB01,Non-Reactive,Non-diabetic,CBNAAT,53/Nan/20,"M.tb detected, Rif resistance not detected",Yes,24/06/20,ANDAMAN & NICOBAR ISLANDS,NICOBARS,NICOBAR,BJR HOSPITAL,PHI,1,New,,Pulmonary,,TREATMENT_COMPLETE,08/12/20,Yes                                               ,0,Yes                                               ,Yes,24/08/20,292 A,Negative,07/12/20,356 A,Negative
ANDAMAN & NICOBAR ISLANDS,SOUTH ANDAMAN,PORT BLAIR,G B PANT HOSPITAL,PHI,4,26/06/20,29/07/20,14908864,,14908864,DIAGNOSED_ON_TREATMENT,K Appanna,53,Male,53,"4/A,FARM TIKREY TIKREY,LITTLE ANDAMAN, A & N ISALNDS.",SOUTH ANDAMAN,,FARM TIKREY,4/A,744207,ANDAMAN & NICOBAR ISLANDS,SOUTH ANDAMAN,LITTLE ANDAMAN,9531957599,Not Applicable,ANDAMAN & NICOBAR ISLANDS,SOUTH ANDAMAN,LITTLE ANDAMAN,PHC HUTBAY,PHI,1,TBU-ANSAN03,Non-Reactive,Diabetic,Chest X Ray,,Clinically Diagnosed TB,No,27/06/20,ANDAMAN & NICOBAR ISLANDS,SOUTH ANDAMAN,LITTLE ANDAMAN,PHC HUTBAY,PHI,1,New,,Pulmonary,,,,Yes                                               ,1,Yes                                               ,No,,,,,,
ANDAMAN & NICOBAR ISLANDS,SOUTH ANDAMAN,PORT BLAIR,G B PANT HOSPITAL,PHI,4,03/06/20,05/09/20,15217795,,15217795,DIAGNOSED_ON_TREATMENT,B DINESH,22,Male,47,"JAPAN NALAH, BATHU BASTHI",SOUTH ANDAMAN,PORT BLAIR,23,NEAR RANGER OFFICE,744105,ANDAMAN & NICOBAR ISLANDS,SOUTH ANDAMAN,PORT BLAIR,9531908758,Tobacco,ANDAMAN & NICOBAR ISLANDS,SOUTH ANDAMAN,PORT BLAIR,PHC GARACHARMA,PHI,1,TBU-ANSAN01,Non-Reactive,Non-diabetic,Other,,Clinically Diagnosed TB,No,06/06/20,ANDAMAN & NICOBAR ISLANDS,SOUTH ANDAMAN,PORT BLAIR,PHC GARACHARMA,PHI,1,New,,Pulmonary,,,,Yes                                               ,1,Yes                                               ,No,,,,,,