﻿DiagnosingFacilityState,DiagnosingFacilityDistrict,DiagnosingFacilityTBU,DiagnosingFacilityPHI,DiagnosingFacilityPHIType,DiagnosingFacilityPHI_ID,DiagnosisDate,EnrollmentDate,EpisodeID,OldNikshayId,PatientId,Patient_Status,PatientName,Age,Gender,Weight,Patient_Address,Taluka,Town,Ward,Landmark,Pincode,Residential_State,Residential_District,Residential_TU,PrimaryPhone,KeyPopulation,EnrollmentFacilityState,EnrollmentFacilityDistrict,EnrollmentFacilityTBU,EnrollmentFacilityPHI,EnrollmentFacilityPHIType,EnrollmentFacilityPHI_ID,UserID_Enrollment,HIV_Status,DiabetesStatus,basisOfDiagnosis_TestName,basisOfDiagnosis_LabSerialNo,basisOfDiagnosis_FinalInterpretation,Microbiologically_Confirmed,DateOf_TB_Treatment_Initiation,CurrentFacilityState,CurrentFacilityDistrict,CurrentFacilityTBU,CurrentFacilityPHI,CurrentFacilityPHIType,CurrentFacilityPHI_ID,TypeOfCase,PMDT_RegimenType,SiteOfDisease,EPSite,Treatment_Outcome,Treatment_Outcome_Date,BankDetailsAdded,FollowupDone_Count,ContactTracing_Done,UDST_Done,EndOfIP_SM_DateOfReport,EndOfIP_LabID,EndOfIP_FinalInterpretation,EndOfCP_SM_DateOfReport,EndOfCP_LabID,EndOfCP_FinalInterpretation
ANDAMAN & NICOBAR ISLANDS,SOUTH ANDAMAN,PORT BLAIR,G B PANT HOSPITAL,PHI,4,01/07/20,01/07/20,14663330,,14663330,DIAGNOSED_OUTCOME_ASSIGNED,JAYANTHO MALLICK,26,Male,33,DOLLYGUNJ,,PORT BLAIR,17,NEAR ANBU HOTEL,744105,ANDAMAN & NICOBAR ISLANDS,SOUTH ANDAMAN,PORT BLAIR,9476021823,Not Applicable,ANDAMAN & NICOBAR ISLANDS,SOUTH ANDAMAN,PORT BLAIR,G B PANT HOSPITAL,PHI,4,TBU-ANSAN01,Unknown,Non-diabetic,Chest X Ray,,Clinically Diagnosed TB,No,01/07/20,ANDAMAN & NICOBAR ISLANDS,SOUTH ANDAMAN,PORT BLAIR,G B PANT HOSPITAL,PHI,4,New,,Extra Pulmonary,Other,TREATMENT_REGIMEN_CHANGED,06/07/20,Yes                                               ,0,No                                                ,No,,,,,,
ANDAMAN & NICOBAR ISLANDS,NORTH & MIDDLE ANDAMAN,MAYABUNDER,"DR. R.P.HOSPITAL, MAYABUNDER",PHI,1,02/07/20,03/07/20,14689061,,14689061,DIAGNOSED_OUTCOME_ASSIGNED,MATILDA KULLU,63,Female,40,"BUDDANALLAH , REST CAMP",MAYABUNDER,,BUDDANALLAH,,744204,ANDAMAN & NICOBAR ISLANDS,NORTH & MIDDLE ANDAMAN,MAYABUNDER,9531908291,"Tobacco,Contact of Known TB Patients",ANDAMAN & NICOBAR ISLANDS,NORTH & MIDDLE ANDAMAN,MAYABUNDER,PHC TUGAPUR,PHI,2,TBU-ANNMA01,Non-Reactive,Non-diabetic,Microscopy ZN and Fluorescent,62,Positive,Yes,04/07/20,ANDAMAN & NICOBAR ISLANDS,NORTH & MIDDLE ANDAMAN,MAYABUNDER,PHC TUGAPUR,PHI,2,New,,Pulmonary,,CURED,18/12/20,Yes                                               ,0,Yes                                               ,Yes,,,,16/12/20,113,Negative
ANDAMAN & NICOBAR ISLANDS,NICOBARS,NANCOWRIE,CHC NANCOWRIE,PHI,1,04/07/20,07/07/20,14716257,,14716257,DIAGNOSED_ON_TREATMENT,GERSHOME GERSHOME,50,Male,57,"TP-30A TAPONG NEAR CHURCH, NANCOWRY",,,TAPONG,NEAR CHURCH,744303,ANDAMAN & NICOBAR ISLANDS,NICOBARS,NANCOWRIE,9474285008,Not Applicable,ANDAMAN & NICOBAR ISLANDS,NICOBARS,NANCOWRIE,CHC NANCOWRIE,PHI,1,TBU-ANNCB03,Non-Reactive,Non-diabetic,CBNAAT,62,"M.tb detected, Rif resistance not detected",Yes,04/07/20,ANDAMAN & NICOBAR ISLANDS,NICOBARS,NANCOWRIE,CHC NANCOWRIE,PHI,1,New,,Pulmonary,,,,Yes                                               ,0,Yes                                               ,Yes,,,,,,
ANDAMAN & NICOBAR ISLANDS,SOUTH ANDAMAN,PORT BLAIR,G B PANT HOSPITAL,PHI,4,07/07/20,07/07/20,14716300,,14343633,DIAGNOSED_ON_TREATMENT,VENKATESWAR RAO,41,Male,49,BROOKSHABAD NEAR SELTER NO.38 -I,SOUTH ANDAMAN,,BROOKSHABAD,SHELTER NO - I,744101,ANDAMAN & NICOBAR ISLANDS,SOUTH ANDAMAN,PORT BLAIR,9933244940,Diabetes,ANDAMAN & NICOBAR ISLANDS,SOUTH ANDAMAN,PORT BLAIR,PHC GARACHARMA,PHI,1,TBU-ANSAN01,Non-Reactive,Diabetic,CBNAAT,130GBP20,"M.tb detected, Rif resistance detected",Yes,07/07/20,ANDAMAN & NICOBAR ISLANDS,SOUTH ANDAMAN,PORT BLAIR,PHC GARACHARMA,PHI,1,PMDT,MDR_SHORT,Pulmonary,,,,Yes                                               ,0,Yes                                               ,Yes,,,,,,
ANDAMAN & NICOBAR ISLANDS,SOUTH ANDAMAN,PORT BLAIR,G B PANT HOSPITAL,PHI,4,03/07/20,07/07/20,14718354,,14718354,DIAGNOSED_ON_TREATMENT,THEY NAING,53,Male,47,"DIST JAIL,
PROTHRAPUR",PORT BLAIR,,,DIST JAIL,744105,ANDAMAN & NICOBAR ISLANDS,SOUTH ANDAMAN,PORT BLAIR,3192260235,Not Applicable,ANDAMAN & NICOBAR ISLANDS,SOUTH ANDAMAN,PORT BLAIR,PHC GARACHARMA,PHI,1,TBU-ANSAN01,Unknown,,CBNAAT,134GBP20,"M.tb detected, Rif resistance not detected",Yes,06/07/20,ANDAMAN & NICOBAR ISLANDS,SOUTH ANDAMAN,PORT BLAIR,PHC GARACHARMA,PHI,1,New,,Pulmonary,,,,No                                                ,0,No                                                ,Yes,,,,,,
ANDAMAN & NICOBAR ISLANDS,SOUTH ANDAMAN,PORT BLAIR,G B PANT HOSPITAL,PHI,4,03/07/20,08/07/20,14726812,,14726812,DIAGNOSED_ON_TREATMENT,SIMON BHA,59,Male,60,HADDO,,PORT BLAIR,1,NEAR FOREST BARRACK,744102,ANDAMAN & NICOBAR ISLANDS,SOUTH ANDAMAN,PORT BLAIR,9933217545,Not Applicable,ANDAMAN & NICOBAR ISLANDS,SOUTH ANDAMAN,PORT BLAIR,UHC HADDO,PHI,10,TBU-ANSAN01,Non-Reactive,Non-diabetic,Other,,Clinically Diagnosed TB,No,04/07/20,ANDAMAN & NICOBAR ISLANDS,SOUTH ANDAMAN,PORT BLAIR,UHC HADDO,PHI,10,New,,Extra Pulmonary,Other,,,Yes                                               ,0,Yes                                               ,No,,,,,,
ANDAMAN & NICOBAR ISLANDS,SOUTH ANDAMAN,PORT BLAIR,G B PANT HOSPITAL,PHI,4,08/07/20,08/07/20,14728413,,14728413,DIAGNOSED_NOT_ON_TREATMENT_CLOSED,THEY NAING,53,Male,,DISTRICT JAIL,,PROTHRAPUR,,DISTRICT JAIL,744105,ANDAMAN & NICOBAR ISLANDS,SOUTH ANDAMAN,PORT BLAIR,3192260235,Not Applicable,ANDAMAN & NICOBAR ISLANDS,SOUTH ANDAMAN,PORT BLAIR,PHC GARACHARMA,PHI,1,TBU-ANSAN01,Non-Reactive,Non-diabetic,Microscopy ZN and Fluorescent,968,Positive,Yes,,ANDAMAN & NICOBAR ISLANDS,SOUTH ANDAMAN,PORT BLAIR,PHC GARACHARMA,PHI,1,New,,,,DUPLICATE_RECORD,08/07/20,No                                                ,0,No                                                ,No,,,,,,
ANDAMAN & NICOBAR ISLANDS,SOUTH ANDAMAN,PORT BLAIR,G B PANT HOSPITAL,PHI,4,04/07/20,10/07/20,14748925,,14663330,DIAGNOSED_ON_TREATMENT,JAYANTHO MALLICK,26,Male,32,GOVIND NAGAR C/BAY NEAR STS QTR.,C/BAY,,GOVIND NAGAR,NEAR STS QTR,744105,ANDAMAN & NICOBAR ISLANDS,SOUTH ANDAMAN,PORT BLAIR,9476021823,Other,ANDAMAN & NICOBAR ISLANDS,SOUTH ANDAMAN,PORT BLAIR,G B PANT HOSPITAL,PHI,4,TBU-ANSAN01,Non-Reactive,Non-diabetic,CBNAAT,136GBP20,"M.tb detected, Rif resistance detected",Yes,08/07/20,ANDAMAN & NICOBAR ISLANDS,NICOBARS,CAMPBELL BAY,PHC CAMPBELL BAY,PHI,1,PMDT,MDR_SHORT,Pulmonary,,,,Yes                                               ,0,Yes                                               ,Yes,,,,,,
ANDAMAN & NICOBAR ISLANDS,SOUTH ANDAMAN,PORT BLAIR,G B PANT HOSPITAL,PHI,4,07/07/20,10/07/20,14749305,,14749305,DIAGNOSED_ON_TREATMENT,SURYA PRAKASH MISHRA,70,Male,64,NAMUNAGHAR,PORT BLAIR,,,NEAR UPPER BASTI,744206,ANDAMAN & NICOBAR ISLANDS,SOUTH ANDAMAN,PORT BLAIR,7063930629,Not Applicable,ANDAMAN & NICOBAR ISLANDS,SOUTH ANDAMAN,FERRARGUNJ,PHC TUSHNABAD,PHI,5,TBU-ANSAN01,Non-Reactive,Diabetic,Microscopy ZN and Fluorescent,967,Positive,Yes,09/07/20,ANDAMAN & NICOBAR ISLANDS,SOUTH ANDAMAN,FERRARGUNJ,PHC TUSHNABAD,PHI,5,New,,Pulmonary,,,,Yes                                               ,0,Yes                                               ,Yes,,,,,,
ANDAMAN & NICOBAR ISLANDS,SOUTH ANDAMAN,PORT BLAIR,G B PANT HOSPITAL,PHI,4,09/07/20,11/07/20,14758287,,14758287,DIAGNOSED_ON_TREATMENT,Momita Beragi,29,Female,58,"Near Hnuman Temple ,Bird line,ward no. 23,prothra pur,port blair",South Andaman,,23,Near Hanuman Temple,744105,ANDAMAN & NICOBAR ISLANDS,SOUTH ANDAMAN,PORT BLAIR,7063942175,Not Applicable,ANDAMAN & NICOBAR ISLANDS,SOUTH ANDAMAN,PORT BLAIR,PHC GARACHARMA,PHI,1,TBU-ANSAN01,Non-Reactive,Non-diabetic,Chest X Ray,,Clinically Diagnosed TB,No,11/07/20,ANDAMAN & NICOBAR ISLANDS,SOUTH ANDAMAN,PORT BLAIR,PHC GARACHARMA,PHI,1,New,,Extra Pulmonary,Lymph Node,,,Yes                                               ,0,Yes                                               ,No,,,,,,
ANDAMAN & NICOBAR ISLANDS,NICOBARS,NICOBAR,BJR HOSPITAL,PHI,1,08/07/20,11/07/20,14759266,,14759266,DIAGNOSED_ON_TREATMENT,USHA RENANTIES,18,Female,61,"TUHET- VEUKLO
MUS VILLAGE
CAR NICOBAR",CAR NICOBAR,,MUS VILLAGE,,744301,ANDAMAN & NICOBAR ISLANDS,NICOBARS,NICOBAR,9476092855,Not Applicable,ANDAMAN & NICOBAR ISLANDS,NICOBARS,NICOBAR,BJR HOSPITAL,PHI,1,TBU-ANNCB01,Non-Reactive,Non-diabetic,Microscopy ZN and Fluorescent,329/A/20,Positive,Yes,09/07/20,ANDAMAN & NICOBAR ISLANDS,NICOBARS,NICOBAR,BJR HOSPITAL,PHI,1,New,,Pulmonary,,,,Yes                                               ,0,Yes                                               ,No,02/09/20,295 A,Negative,,,
ANDAMAN & NICOBAR ISLANDS,SOUTH ANDAMAN,PORT BLAIR,G B PANT HOSPITAL,PHI,4,11/07/20,11/07/20,14759585,,14759585,DIAGNOSED_ON_TREATMENT,T ASIYA JASMEEN,30,Female,112,HOUSE NO 53,,CALICUT,,NEAR PUMP HOUSE,744105,ANDAMAN & NICOBAR ISLANDS,SOUTH ANDAMAN,PORT BLAIR,9679578393,Not Applicable,ANDAMAN & NICOBAR ISLANDS,SOUTH ANDAMAN,PORT BLAIR,PHC GARACHARMA,PHI,1,TBU-ANSAN01,Non-Reactive,Non-diabetic,Chest X Ray,,Clinically Diagnosed TB,No,11/07/20,ANDAMAN & NICOBAR ISLANDS,SOUTH ANDAMAN,PORT BLAIR,PHC GARACHARMA,PHI,1,New,,Extra Pulmonary,Miliary,,,No                                                ,0,Yes                                               ,No,,,,,,
ANDAMAN & NICOBAR ISLANDS,NORTH & MIDDLE ANDAMAN,MAYABUNDER,"DR. R.P.HOSPITAL, MAYABUNDER",PHI,1,01/07/20,12/07/20,14763623,,14763623,DIAGNOSED_ON_TREATMENT,ARJUN CHOWDHARI,72,Male,45,"SITANAGAR, DIGLIPUR",DIGLIPUR,,6,NEAR GRAM PANCHAYAT,744202,ANDAMAN & NICOBAR ISLANDS,NORTH & MIDDLE ANDAMAN,DIGLIPUR,9933215174,Other,ANDAMAN & NICOBAR ISLANDS,NORTH & MIDDLE ANDAMAN,DIGLIPUR,CHC DIGLIPUR,PHI,1,TBU-ANNMA03,Non-Reactive,Non-diabetic,CBNAAT,76RPH,"M.tb detected, Rif resistance not detected",Yes,02/07/20,ANDAMAN & NICOBAR ISLANDS,NORTH & MIDDLE ANDAMAN,DIGLIPUR,CHC DIGLIPUR,PHI,1,New,,Pulmonary,,,,Yes                                               ,0,Yes                                               ,Yes,,,,,,
ANDAMAN & NICOBAR ISLANDS,NICOBARS,NANCOWRIE,CHC NANCOWRIE,PHI,1,06/07/20,13/07/20,14768593,,14768593,DIAGNOSED_ON_TREATMENT,TAMARIS TAMARIS,30,Female,30,"CHUKCHUCHA TUHET RANGTIMA
CARNICOBAR
",NICOBAR,,CHUKCHUCHA,NEAR BISHOP HOUSE,744301,ANDAMAN & NICOBAR ISLANDS,NICOBARS,NICOBAR,9476024156,Health Care Worker,ANDAMAN & NICOBAR ISLANDS,NICOBARS,NICOBAR,BJR HOSPITAL,PHI,1,TBU-ANNCB01,Non-Reactive,Non-diabetic,CBNAAT,63-20,"M.tb detected, Rif resistance detected",Yes,06/07/20,ANDAMAN & NICOBAR ISLANDS,NICOBARS,NICOBAR,BJR HOSPITAL,PHI,1,PMDT,MDR_SHORT,Pulmonary,,,,Yes                                               ,0,Yes                                               ,Yes,,,,,,
ANDAMAN & NICOBAR ISLANDS,SOUTH ANDAMAN,PORT BLAIR,G B PANT HOSPITAL,PHI,4,10/07/20,14/07/20,14777950,,14777950,DIAGNOSED_ON_TREATMENT,BALA RAM BAROI,41,Male,75,BRINDAVAN,,FERRARGUNJ,1,NEAR SUB CENTRE,744206,ANDAMAN & NICOBAR ISLANDS,SOUTH ANDAMAN,PORT BLAIR,9531933159,Tobacco,ANDAMAN & NICOBAR ISLANDS,SOUTH ANDAMAN,PORT BLAIR,G B PANT HOSPITAL,PHI,4,TBU-ANSAN01,Non-Reactive,Non-diabetic,Other,,Clinically Diagnosed TB,No,14/07/20,ANDAMAN & NICOBAR ISLANDS,SOUTH ANDAMAN,FERRARGUNJ,PHC FERRARGUNJ,PHI,3,New,,Extra Pulmonary,Spinal,,,Yes                                               ,0,Yes                                               ,No,,,,,,
ANDAMAN & NICOBAR ISLANDS,SOUTH ANDAMAN,PORT BLAIR,G B PANT HOSPITAL,PHI,4,13/07/20,14/07/20,14781464,,14781464,DIAGNOSED_ON_TREATMENT,G PAPA RAO,35,Male,55," SWARAJDWEEP, HAVELOCK, NO. 01","HAVELOCK, PORT BLAIR",,GOVIND NAGAR,NEAR HARBOUR,744101,ANDAMAN & NICOBAR ISLANDS,SOUTH ANDAMAN,PORT BLAIR,9476008807,Not Applicable,ANDAMAN & NICOBAR ISLANDS,SOUTH ANDAMAN,PORT BLAIR,G B PANT HOSPITAL,PHI,4,TBU-ANSAN01,Non-Reactive,Non-diabetic,Microscopy ZN and Fluorescent,986,Positive,Yes,14/07/20,ANDAMAN & NICOBAR ISLANDS,SOUTH ANDAMAN,PORT BLAIR,PHC HAVELOCK,PHI,5,New,,Pulmonary,,,,Yes                                               ,0,Yes                                               ,Yes,,,,,,
ANDAMAN & NICOBAR ISLANDS,SOUTH ANDAMAN,PORT BLAIR,G B PANT HOSPITAL,PHI,4,13/07/20,16/07/20,14802336,,14802336,DIAGNOSED_ON_TREATMENT,Akanksha Negi,27,Female,60,"P289/5,Near Mi Room Room,Brij Gunj,Port Blair,South Andaman",South Andaman,,Brij Gunj,Near MI Room,744105,ANDAMAN & NICOBAR ISLANDS,SOUTH ANDAMAN,PORT BLAIR,9759040836,Not Applicable,ANDAMAN & NICOBAR ISLANDS,SOUTH ANDAMAN,PORT BLAIR,PHC GARACHARMA,PHI,1,TBU-ANSAN01,Non-Reactive,Non-diabetic,CBNAAT,146gbp20,"M.tb detected, Rif resistance not detected",Yes,14/07/20,ANDAMAN & NICOBAR ISLANDS,SOUTH ANDAMAN,PORT BLAIR,PHC GARACHARMA,PHI,1,New,,Pulmonary,,,,Yes                                               ,0,Yes                                               ,Yes,16/09/20,1093,Positive,,,
ANDAMAN & NICOBAR ISLANDS,NORTH & MIDDLE ANDAMAN,MAYABUNDER,"DR. R.P.HOSPITAL, MAYABUNDER",PHI,1,14/07/20,17/07/20,14809453,,14809453,DIAGNOSED_OUTCOME_ASSIGNED,SOHRAI KERKETTA,65,Male,43,"NEAR POLICE STATION REST CAMP  ,NORTH AND MIDDLE ANDAMAN ,744204",MAYABUNDER,,REST CAMP,NEAR POLICE STATION,744204,ANDAMAN & NICOBAR ISLANDS,NORTH & MIDDLE ANDAMAN,MAYABUNDER,9531893947,Not Applicable,ANDAMAN & NICOBAR ISLANDS,NORTH & MIDDLE ANDAMAN,MAYABUNDER,PHC TUGAPUR,PHI,2,TBU-ANNMA01,Non-Reactive,Non-diabetic,Microscopy ZN and Fluorescent,65,Positive,Yes,15/07/20,ANDAMAN & NICOBAR ISLANDS,NORTH & MIDDLE ANDAMAN,MAYABUNDER,PHC TUGAPUR,PHI,2,New,,Pulmonary,,CURED,29/12/20,Yes                                               ,0,Yes                                               ,Yes,,,,31/12/20,119 RPH,Negative
ANDAMAN & NICOBAR ISLANDS,SOUTH ANDAMAN,PORT BLAIR,G B PANT HOSPITAL,PHI,4,18/07/20,18/07/20,14820879,,14820879,DIAGNOSED_ON_TREATMENT,BISSO  MUNDA,33,Male,40,BROOKSHABAD,SOUTH ANDAMAN,PORT BLAIR,21,NEAR HANUMAN TEMPLE,744112,ANDAMAN & NICOBAR ISLANDS,SOUTH ANDAMAN,PORT BLAIR,9933257835,Not Applicable,ANDAMAN & NICOBAR ISLANDS,SOUTH ANDAMAN,PORT BLAIR,PHC GARACHARMA,PHI,1,TBU-ANSAN01,Non-Reactive,Unknown,Chest X Ray,,Clinically Diagnosed TB,Yes,18/07/20,ANDAMAN & NICOBAR ISLANDS,SOUTH ANDAMAN,PORT BLAIR,PHC GARACHARMA,PHI,1,New,,Pulmonary,,,,Yes                                               ,0,No                                                ,Yes,02/09/20,1061,Negative,,,
ANDAMAN & NICOBAR ISLANDS,SOUTH ANDAMAN,PORT BLAIR,G B PANT HOSPITAL,PHI,4,10/07/20,20/07/20,14828240,,14828240,DIAGNOSED_ON_TREATMENT,STEPHEN TOPPNO,58,Male,48,HOPE TOWN,PORT BLAIR,,,,744107,ANDAMAN & NICOBAR ISLANDS,SOUTH ANDAMAN,PORT BLAIR,8900961587,Not Applicable,ANDAMAN & NICOBAR ISLANDS,SOUTH ANDAMAN,PORT BLAIR,G B PANT HOSPITAL,PHI,4,TBU-ANSAN01,Non-Reactive,Non-diabetic,Microscopy ZN and Fluorescent,983,Positive,Yes,11/07/20,ANDAMAN & NICOBAR ISLANDS,SOUTH ANDAMAN,FERRARGUNJ,CHC BAMBOOFLAT,PHI,1,New,,Pulmonary,,,,Yes                                               ,0,Yes                                               ,Yes,05/09/20,1058,Negative,,,
ANDAMAN & NICOBAR ISLANDS,SOUTH ANDAMAN,PORT BLAIR,G B PANT HOSPITAL,PHI,4,14/07/20,20/07/20,14829804,,14829804,DIAGNOSED_ON_TREATMENT,P  Kumar,42,Male,45,"Near Kali Mandir,Ward  No. 18,Garacharma,south Andaman,A & N Islands.",South Andaman,,Garacharma,Near Kali mandir,744105,ANDAMAN & NICOBAR ISLANDS,SOUTH ANDAMAN,PORT BLAIR,9474243445,Not Applicable,ANDAMAN & NICOBAR ISLANDS,SOUTH ANDAMAN,PORT BLAIR,PHC GARACHARMA,PHI,1,TBU-ANSAN01,Non-Reactive,Diabetic,Chest X Ray,,Clinically Diagnosed TB,No,15/07/20,ANDAMAN & NICOBAR ISLANDS,SOUTH ANDAMAN,PORT BLAIR,PHC GARACHARMA,PHI,1,New,,Extra Pulmonary,Spinal,,,Yes                                               ,0,Yes                                               ,No,,,,,,
ANDAMAN & NICOBAR ISLANDS,SOUTH ANDAMAN,PORT BLAIR,G B PANT HOSPITAL,PHI,4,16/07/20,20/07/20,14830033,,14830033,DIAGNOSED_ON_TREATMENT,A  Rajendaran,65,Male,95,"Near Govt.School Beodnabad,Port Blair,South Andaman,A &  N Islands.",South Andaman,,Beodnabad,Near Govt School,744103,ANDAMAN & NICOBAR ISLANDS,SOUTH ANDAMAN,PORT BLAIR,9840948687,Not Applicable,ANDAMAN & NICOBAR ISLANDS,SOUTH ANDAMAN,PORT BLAIR,G B PANT HOSPITAL,PHI,4,TBU-ANSAN01,Unknown,,Other,,Clinically Diagnosed TB,No,17/07/20,ANDAMAN & NICOBAR ISLANDS,SOUTH ANDAMAN,PORT BLAIR,G B PANT HOSPITAL,PHI,4,New,,Extra Pulmonary,Pleural,,,Yes                                               ,0,Yes                                               ,No,,,,,,
ANDAMAN & NICOBAR ISLANDS,SOUTH ANDAMAN,PORT BLAIR,G B PANT HOSPITAL,PHI,4,20/07/20,20/07/20,14831014,,14831014,DIAGNOSED_ON_TREATMENT,B ANANTHA LAKSHMI,48,Female,55,DAIRY FARM,SOUTH ANDAMAN,PORT BLAIR,14,NEAR TIRUPATHI TEMPLE,744103,ANDAMAN & NICOBAR ISLANDS,SOUTH ANDAMAN,PORT BLAIR,9679593578,Diabetes,ANDAMAN & NICOBAR ISLANDS,SOUTH ANDAMAN,PORT BLAIR,UHC DAIRY FARM,PHI,8,TBU-ANSAN01,Non-Reactive,Diabetic,Other,,Clinically Diagnosed TB,No,20/07/20,ANDAMAN & NICOBAR ISLANDS,SOUTH ANDAMAN,PORT BLAIR,UHC DAIRY FARM,PHI,8,New,,Extra Pulmonary,Other,,,Yes                                               ,0,Yes                                               ,No,,,,,,
ANDAMAN & NICOBAR ISLANDS,SOUTH ANDAMAN,PORT BLAIR,G B PANT HOSPITAL,PHI,4,18/07/20,21/07/20,14841745,,14841745,DIAGNOSED_ON_TREATMENT,RITESH MONDAL,20,Male,55,"SWADESH NAGAR, BILLIGROUND, RANGAT",N & M,RANGAT,WARD NO 01,NEAR GOVT SCHOOL SWADESH NAGAR,744201,ANDAMAN & NICOBAR ISLANDS,SOUTH ANDAMAN,PORT BLAIR,9476090167,Not Applicable,ANDAMAN & NICOBAR ISLANDS,SOUTH ANDAMAN,PORT BLAIR,G B PANT HOSPITAL,PHI,4,TBU-ANSAN01,Non-Reactive,Non-diabetic,Chest X Ray,,Clinically Diagnosed TB,No,21/07/20,ANDAMAN & NICOBAR ISLANDS,NORTH & MIDDLE ANDAMAN,MAYABUNDER,PHC BILLIGROUND,PHI,3,New,,Pulmonary,,,,Yes                                               ,0,Yes                                               ,Yes,,,,,,
ANDAMAN & NICOBAR ISLANDS,SOUTH ANDAMAN,PORT BLAIR,G B PANT HOSPITAL,PHI,4,14/07/20,21/07/20,14842343,,14842343,DIAGNOSED_OUTCOME_ASSIGNED,DHRUV SINGH,14,Male,64,"DOOR NO. 164, JUNGLIGHAT",SOUTH ANDAMAN ,PORT BLAIR ,9,OPP. TO SBI JUNGLIGHAT BRANCH ,744103,ANDAMAN & NICOBAR ISLANDS,SOUTH ANDAMAN,PORT BLAIR,9434262104,Not Applicable,ANDAMAN & NICOBAR ISLANDS,SOUTH ANDAMAN,PORT BLAIR,UHC JUNGLIGHAT,PHI,7,TBU-ANSAN01,Non-Reactive,Non-diabetic,Other,,Clinically Diagnosed TB,No,15/07/20,ANDAMAN & NICOBAR ISLANDS,SOUTH ANDAMAN,PORT BLAIR,UHC JUNGLIGHAT,PHI,7,New,,Extra Pulmonary,Lymph Node,TREATMENT_COMPLETE,30/12/20,Yes                                               ,0,Yes                                               ,No,,,,,,
ANDAMAN & NICOBAR ISLANDS,SOUTH ANDAMAN,PORT BLAIR,G B PANT HOSPITAL,PHI,4,16/07/20,22/07/20,14848004,,14848004,DIAGNOSED_ON_TREATMENT,M SANAZ,44,Male,70,MARINE HILL,SOUTH ANDAMAN,PORT BLAIR ,5,NEAR IMFC,744101,ANDAMAN & NICOBAR ISLANDS,SOUTH ANDAMAN,PORT BLAIR,9869145718,Not Applicable,ANDAMAN & NICOBAR ISLANDS,SOUTH ANDAMAN,PORT BLAIR,G B PANT HOSPITAL,PHI,4,TBU-ANSAN01,Non-Reactive,Non-diabetic,Other,,Clinically Diagnosed TB,No,18/07/20,ANDAMAN & NICOBAR ISLANDS,SOUTH ANDAMAN,PORT BLAIR,G B PANT HOSPITAL,PHI,4,New,,Extra Pulmonary,Lymph Node,,,Yes                                               ,0,Yes                                               ,No,,,,,,
ANDAMAN & NICOBAR ISLANDS,SOUTH ANDAMAN,PORT BLAIR,G B PANT HOSPITAL,PHI,4,11/07/20,22/07/20,14848557,,14848557,DIAGNOSED_NOT_ON_TREATMENT,AKANSHA .,27,Female,,BRINCHGUNJ,PORT BLAIR,,,NEAR MISTRY SESSION,744105,ANDAMAN & NICOBAR ISLANDS,SOUTH ANDAMAN,PORT BLAIR,9971550472,Not Applicable,ANDAMAN & NICOBAR ISLANDS,SOUTH ANDAMAN,PORT BLAIR,PHC GARACHARMA,PHI,1,TBU-ANSAN01,Unknown,,CBNAAT,146GBP20,"M.tb detected, Rif resistance not detected",Yes,,ANDAMAN & NICOBAR ISLANDS,SOUTH ANDAMAN,PORT BLAIR,PHC GARACHARMA,PHI,1,New,,,,,,No                                                ,0,No                                                ,Yes,,,,,,
ANDAMAN & NICOBAR ISLANDS,SOUTH ANDAMAN,PORT BLAIR,G B PANT HOSPITAL,PHI,4,21/07/20,22/07/20,14849023,,14849023,DIAGNOSED_ON_TREATMENT,P MOHAN RAO,35,Male,60,"DAIRY FARM, NEAR GOVT SCHOOL ",SOUTH ANDAMAN,PORT BLAIR ,15,NEAR GOVT SCHOOL ,744103,ANDAMAN & NICOBAR ISLANDS,SOUTH ANDAMAN,PORT BLAIR,9933237946,Not Applicable,ANDAMAN & NICOBAR ISLANDS,SOUTH ANDAMAN,PORT BLAIR,G B PANT HOSPITAL,PHI,4,TBU-ANSAN01,Non-Reactive,Non-diabetic,Other,,Clinically Diagnosed TB,No,22/07/20,ANDAMAN & NICOBAR ISLANDS,SOUTH ANDAMAN,PORT BLAIR,G B PANT HOSPITAL,PHI,4,New,,Extra Pulmonary,Lymph Node,,,Yes                                               ,0,Yes                                               ,No,,,,,,
ANDAMAN & NICOBAR ISLANDS,SOUTH ANDAMAN,PORT BLAIR,G B PANT HOSPITAL,PHI,4,14/07/20,22/07/20,14850191,,14850191,DIAGNOSED_ON_TREATMENT,BISHAKA RANI JOYDHAR,56,Female,54,"CHOULDARI
LALPAHAR",PORT BLAIR,,,NEAR SCHOOL,744206,ANDAMAN & NICOBAR ISLANDS,SOUTH ANDAMAN,PORT BLAIR,8900900345,Not Applicable,ANDAMAN & NICOBAR ISLANDS,SOUTH ANDAMAN,FERRARGUNJ,PHC CHOULDARI,PHI,6,TBU-ANSAN01,Non-Reactive,Non-diabetic,Microscopy ZN and Fluorescent,1001,Positive,Yes,17/07/20,ANDAMAN & NICOBAR ISLANDS,SOUTH ANDAMAN,FERRARGUNJ,PHC CHOULDARI,PHI,6,New,,Pulmonary,,,,Yes                                               ,0,Yes                                               ,Yes,,,,,,
ANDAMAN & NICOBAR ISLANDS,SOUTH ANDAMAN,PORT BLAIR,G B PANT HOSPITAL,PHI,4,17/07/20,22/07/20,14850488,,14850488,DIAGNOSED_ON_TREATMENT,G.LOKESH RAO,23,Male,55,"PROTHRAPUR, DISTRICT JAIL",PORT BLAIR,,,PROTHRAPUR,744105,ANDAMAN & NICOBAR ISLANDS,SOUTH ANDAMAN,PORT BLAIR,9474201871,Not Applicable,ANDAMAN & NICOBAR ISLANDS,SOUTH ANDAMAN,PORT BLAIR,PHC GARACHARMA,PHI,1,TBU-ANSAN01,Non-Reactive,Non-diabetic,CBNAAT,166GBP20,"M.tb detected, Rif resistance not detected",Yes,22/07/20,ANDAMAN & NICOBAR ISLANDS,SOUTH ANDAMAN,PORT BLAIR,PHC GARACHARMA,PHI,1,New,,Pulmonary,,,,Yes                                               ,0,Yes                                               ,Yes,,,,,,
ANDAMAN & NICOBAR ISLANDS,SOUTH ANDAMAN,PORT BLAIR,G B PANT HOSPITAL,PHI,4,19/08/20,15/09/20,15304385,,10687791,DIAGNOSED_ON_TREATMENT,TIMRU KISHOR,39,Male,56,"NEAR HANUMAN TEMPLE ,BROOKSHABAD, PORT BLAIR, SOUTH ANDAMAN,A & N ISLANDS.",SOUTH ANDAMAN,,BROOKSHABAD,NEAR HANUMAN TEMPLE,744105,ANDAMAN & NICOBAR ISLANDS,SOUTH ANDAMAN,PORT BLAIR,9434277538,Not Applicable,ANDAMAN & NICOBAR ISLANDS,SOUTH ANDAMAN,PORT BLAIR,PHC GARACHARMA,PHI,1,TBU-ANSAN01,Non-Reactive,Non-diabetic,Microscopy ZN and Fluorescent,1052,Positive,Yes,21/08/20,ANDAMAN & NICOBAR ISLANDS,SOUTH ANDAMAN,PORT BLAIR,PHC GARACHARMA,PHI,1,Retreatment: Others,,Pulmonary,,,,Yes                                               ,0,Yes                                               ,Yes,19/10/20,1187,Negative,,,
ANDAMAN & NICOBAR ISLANDS,NICOBARS,NICOBAR,BJR HOSPITAL,PHI,1,20/07/20,23/07/20,14860731,,14860731,DIAGNOSED_ON_TREATMENT,JULIE HERBAN,21,Female,41,"TUHET- HEUNGCHA, ARONG VILLAGE, CAR NICOBAR",NICOBAR,,ARONG VILLAGE,,744301,ANDAMAN & NICOBAR ISLANDS,NICOBARS,NICOBAR,9474263854,Not Applicable,ANDAMAN & NICOBAR ISLANDS,NICOBARS,NICOBAR,BJR HOSPITAL,PHI,1,TBU-ANNCB01,Non-Reactive,Non-diabetic,Microscopy ZN and Fluorescent,266 A,Positive,Yes,21/07/20,ANDAMAN & NICOBAR ISLANDS,NICOBARS,NICOBAR,BJR HOSPITAL,PHI,1,Retreatment: Recurrent,,Pulmonary,,,,Yes                                               ,0,Yes                                               ,Yes,14/09/20,298 A,Negative,,,
ANDAMAN & NICOBAR ISLANDS,NICOBARS,NICOBAR,BJR HOSPITAL,PHI,1,21/07/20,23/07/20,14861145,,14861145,DIAGNOSED_ON_TREATMENT,HUEBERT ISREAL,52,Male,71,"TUHET- AYONA, KINYUKA VILLAGE, CAR NICOBAR",NICOBAR,,KINYUKA VILLAGE,,744301,ANDAMAN & NICOBAR ISLANDS,NICOBARS,NICOBAR,9531966248,Not Applicable,ANDAMAN & NICOBAR ISLANDS,NICOBARS,NICOBAR,BJR HOSPITAL,PHI,1,TBU-ANNCB01,Non-Reactive,Non-diabetic,CBNAAT,155 BJRH 20,"M.tb detected, Rif resistance not detected",Yes,21/07/20,ANDAMAN & NICOBAR ISLANDS,NICOBARS,NICOBAR,BJR HOSPITAL,PHI,1,New,,Pulmonary,,,,Yes                                               ,0,Yes                                               ,Yes,14/09/20,299 A,Negative,29/12/20,432 A,Negative
ANDAMAN & NICOBAR ISLANDS,SOUTH ANDAMAN,PORT BLAIR,G B PANT HOSPITAL,PHI,4,17/07/20,24/07/20,14872326,,14872326,DIAGNOSED_OUTCOME_ASSIGNED,S ABHILASH,20,Male,53,JG-II 224,SOUTH ANDAMAN,PORT BLAIR ,9,JUNGLIGHAT QUARTER,744103,ANDAMAN & NICOBAR ISLANDS,SOUTH ANDAMAN,PORT BLAIR,9531940945,Not Applicable,ANDAMAN & NICOBAR ISLANDS,SOUTH ANDAMAN,PORT BLAIR,UHC JUNGLIGHAT,PHI,7,TBU-ANSAN01,Non-Reactive,Non-diabetic,Other,,Clinically Diagnosed TB,No,17/07/20,ANDAMAN & NICOBAR ISLANDS,SOUTH ANDAMAN,PORT BLAIR,UHC JUNGLIGHAT,PHI,7,New,,Extra Pulmonary,Lymph Node,TREATMENT_COMPLETE,31/12/20,Yes                                               ,0,Yes                                               ,No,10/11/20,1271,Negative,,,
ANDAMAN & NICOBAR ISLANDS,SOUTH ANDAMAN,PORT BLAIR,G B PANT HOSPITAL,PHI,4,27/07/20,27/07/20,14888094,,14888094,DIAGNOSED_ON_TREATMENT,ESWAR RAO,25,Male,46,ANARKALI,SOUTH ANDAMAN,PORT BLAIR ,,NEAR CPIM,744102,ANDAMAN & NICOBAR ISLANDS,SOUTH ANDAMAN,PORT BLAIR,7063917131,Tobacco,ANDAMAN & NICOBAR ISLANDS,SOUTH ANDAMAN,PORT BLAIR,UHC DELANIPUR,PHI,9,TBU-ANSAN01,Non-Reactive,Non-diabetic,CBNAAT,189GBP20,"M.tb detected, Rif resistance not detected",Yes,27/07/20,ANDAMAN & NICOBAR ISLANDS,SOUTH ANDAMAN,PORT BLAIR,UHC DELANIPUR,PHI,9,New,,Extra Pulmonary,Lymph Node,,,Yes                                               ,0,Yes                                               ,Yes,,,,,,
ANDAMAN & NICOBAR ISLANDS,NICOBARS,NANCOWRIE,CHC NANCOWRIE,PHI,1,24/07/20,28/07/20,14899256,,14899256,DIAGNOSED_ON_TREATMENT,EMANUEL EMANUEL,27,Male,54,"KAMORTA NEAR FISHERIES OFFICE,
MUS VILLAGE (TOSO-OV-KUK-)THUHAITH",,,MUS,NEAR FISHERIES ,744303,ANDAMAN & NICOBAR ISLANDS,NICOBARS,NANCOWRIE,9476073206,Not Applicable,ANDAMAN & NICOBAR ISLANDS,NICOBARS,NANCOWRIE,CHC NANCOWRIE,PHI,1,TBU-ANNCB03,Non-Reactive,Non-diabetic,Other,,Clinically Diagnosed TB,No,24/07/20,ANDAMAN & NICOBAR ISLANDS,NICOBARS,NICOBAR,BJR HOSPITAL,PHI,1,New,,Pulmonary,,,,Yes                                               ,0,No                                                ,No,18/09/20,302-A,Negative,,,
ANDAMAN & NICOBAR ISLANDS,SOUTH ANDAMAN,PORT BLAIR,G B PANT HOSPITAL,PHI,4,18/07/20,29/07/20,14909824,,14909824,DIAGNOSED_ON_TREATMENT,L SURIYA,19,Male,40,NEW PAHAR GAON NEAR GANESH TEMPLE,PORT BLAIR,,NEW PAHAR GAON ,NEAR GANESH TEMPLE,744105,ANDAMAN & NICOBAR ISLANDS,SOUTH ANDAMAN,PORT BLAIR,8900939389,Other,ANDAMAN & NICOBAR ISLANDS,SOUTH ANDAMAN,PORT BLAIR,PHC GARACHARMA,PHI,1,TBU-ANSAN01,Non-Reactive,Non-diabetic,CBNAAT,171GBP20,"M.tb detected, Rif resistance detected",Yes,27/07/20,ANDAMAN & NICOBAR ISLANDS,SOUTH ANDAMAN,PORT BLAIR,PHC GARACHARMA,PHI,1,PMDT,MDR_SHORT,Pulmonary,,,,Yes                                               ,0,No                                                ,Yes,,,,,,
ANDAMAN & NICOBAR ISLANDS,NICOBARS,NANCOWRIE,CHC NANCOWRIE,PHI,1,28/07/20,31/07/20,14929678,,14929678,DIAGNOSED_ON_TREATMENT,ETHEL ETHEL,22,Female,45,"DARING NEAR POWER HOUSE, NANCOWRIE",,,DARING,NEAR POWER HOUSE,744303,ANDAMAN & NICOBAR ISLANDS,NICOBARS,NANCOWRIE,8900973572,Not Applicable,ANDAMAN & NICOBAR ISLANDS,NICOBARS,NANCOWRIE,CHC NANCOWRIE,PHI,1,TBU-ANNCB03,Non-Reactive,Non-diabetic,Other,,Clinically Diagnosed TB,No,28/07/20,ANDAMAN & NICOBAR ISLANDS,NICOBARS,NANCOWRIE,CHC NANCOWRIE,PHI,1,New,,Extra Pulmonary,Lymph Node,,,Yes                                               ,0,Yes                                               ,No,,,,,,
ANDAMAN & NICOBAR ISLANDS,NICOBARS,NICOBAR,BJR HOSPITAL,PHI,1,30/07/20,31/07/20,14932297,,14932297,DIAGNOSED_ON_TREATMENT,JOHN LAWSON,50,Male,63,"TUHET- JERICO, KINYUKA VILLAGE, CAR NICOBAR",NICOBAR,,KINYUKA VILLAGE,,744301,ANDAMAN & NICOBAR ISLANDS,NICOBARS,NICOBAR,8900970551,Not Applicable,ANDAMAN & NICOBAR ISLANDS,NICOBARS,NICOBAR,BJR HOSPITAL,PHI,1,TBU-ANNCB01,Non-Reactive,Non-diabetic,Chest X Ray,,Clinically Diagnosed TB,No,31/07/20,ANDAMAN & NICOBAR ISLANDS,NICOBARS,NICOBAR,BJR HOSPITAL,PHI,1,New,,Extra Pulmonary,Pleural,,,Yes                                               ,0,No                                                ,No,25/09/20,304 A,Negative,30/12/20,430 A,Negative
ANDAMAN & NICOBAR ISLANDS,NICOBARS,NICOBAR,BJR HOSPITAL,PHI,1,29/07/20,31/07/20,14932441,,14932441,DIAGNOSED_ON_TREATMENT,DAYA RAM,50,Male,63,"HEADQUARTER,  CAR NICOBAR",NICOBAR,,HEADQUARTER,,744301,ANDAMAN & NICOBAR ISLANDS,NICOBARS,NICOBAR,9476080215,Not Applicable,ANDAMAN & NICOBAR ISLANDS,NICOBARS,NICOBAR,BJR HOSPITAL,PHI,1,TBU-ANNCB01,Non-Reactive,Non-diabetic,CBNAAT,159 BJRH 20,"M.tb detected, Rif resistance not detected",Yes,31/07/20,ANDAMAN & NICOBAR ISLANDS,NICOBARS,NICOBAR,BJR HOSPITAL,PHI,1,New,,Pulmonary,,,,Yes                                               ,0,Yes                                               ,Yes,25/09/20,303 A,Negative,,,
ANDAMAN & NICOBAR ISLANDS,NICOBARS,NICOBAR,BJR HOSPITAL,PHI,1,29/07/20,31/07/20,14932590,,14932590,DIAGNOSED_ON_TREATMENT,SILAS PAUL,50,Male,41,"TUHET-HONKITUI, HOUSE NO. 119-A, SMALL LAPATHY, CAR NICOBAR
",NICOBAR,,SMALL LAPATHY,,744301,ANDAMAN & NICOBAR ISLANDS,NICOBARS,NICOBAR,9531846382,Not Applicable,ANDAMAN & NICOBAR ISLANDS,NICOBARS,NICOBAR,BJR HOSPITAL,PHI,1,TBU-ANNCB01,Non-Reactive,Non-diabetic,CBNAAT,158 BJRH 20,"M.tb detected, Rif resistance not detected",Yes,31/07/20,ANDAMAN & NICOBAR ISLANDS,NICOBARS,NICOBAR,BJR HOSPITAL,PHI,1,Retreatment: Recurrent,,Pulmonary,,,,Yes                                               ,0,Yes                                               ,Yes,26/09/20,307 A,Negative,,,
ANDAMAN & NICOBAR ISLANDS,NORTH & MIDDLE ANDAMAN,MAYABUNDER,"DR. R.P.HOSPITAL, MAYABUNDER",PHI,1,16/07/20,02/08/20,14940996,,14940996,DIAGNOSED_ON_TREATMENT,ALPANA MALLICK,38,Female,33,MADHUPUR II,DIGLIPUR,,NO. 5,NEAR AWANWADI CENTRE,744202,ANDAMAN & NICOBAR ISLANDS,NORTH & MIDDLE ANDAMAN,DIGLIPUR,7063916401,Other,ANDAMAN & NICOBAR ISLANDS,NORTH & MIDDLE ANDAMAN,DIGLIPUR,CHC DIGLIPUR,PHI,1,TBU-ANNMA03,Non-Reactive,Diabetic,CBNAAT,84RPH,"M.tb detected, Rif resistance not detected",Yes,17/07/20,ANDAMAN & NICOBAR ISLANDS,NORTH & MIDDLE ANDAMAN,DIGLIPUR,CHC DIGLIPUR,PHI,1,New,,Pulmonary,,,,Yes                                               ,0,Yes                                               ,Yes,,,,,,
ANDAMAN & NICOBAR ISLANDS,NORTH & MIDDLE ANDAMAN,MAYABUNDER,"DR. R.P.HOSPITAL, MAYABUNDER",PHI,1,10/07/20,02/08/20,14941009,,14941009,DIAGNOSED_OUTCOME_ASSIGNED,JOHAN KERKETTA,35,Male,40,LAXMI PUR,DIGLIPUR,,NO.3,NEAR ANGANWADI CENTRE,744202,ANDAMAN & NICOBAR ISLANDS,NORTH & MIDDLE ANDAMAN,DIGLIPUR,9531878243,Other,ANDAMAN & NICOBAR ISLANDS,NORTH & MIDDLE ANDAMAN,DIGLIPUR,PHC RADHA NAGAR,PHI,3,TBU-ANNMA03,Non-Reactive,Non-diabetic,CBNAAT,80RPH,"M.tb detected, Rif resistance not detected",Yes,11/07/20,ANDAMAN & NICOBAR ISLANDS,NORTH & MIDDLE ANDAMAN,DIGLIPUR,PHC RADHA NAGAR,PHI,3,New,,Pulmonary,,CURED,25/12/20,Yes                                               ,0,Yes                                               ,Yes,03/09/20,157,Negative,22/12/20,195,Negative
ANDAMAN & NICOBAR ISLANDS,NORTH & MIDDLE ANDAMAN,MAYABUNDER,"DR. R.P.HOSPITAL, MAYABUNDER",PHI,1,20/07/20,03/08/20,14942422,,14942422,DIAGNOSED_ON_TREATMENT,ABHIJEET MALLICK,21,Male,50,RANGAT ,RANGAT,,RANGAT,NEAR CATHOLIC CHURCH,744205,ANDAMAN & NICOBAR ISLANDS,NORTH & MIDDLE ANDAMAN,RANGAT,9476083525,Tobacco,ANDAMAN & NICOBAR ISLANDS,NORTH & MIDDLE ANDAMAN,RANGAT,CHC RANGAT,PHI,1,TBU-ANNMA02,Non-Reactive,Non-diabetic,CBNAAT,88 RPH 2020,"M.tb detected, Rif resistance not detected",Yes,21/07/20,ANDAMAN & NICOBAR ISLANDS,NORTH & MIDDLE ANDAMAN,RANGAT,CHC RANGAT,PHI,1,New,,Pulmonary,,,,Yes                                               ,0,Yes                                               ,Yes,,,,,,
ANDAMAN & NICOBAR ISLANDS,NICOBARS,NANCOWRIE,PHC TERESSA,PHI,3,06/07/20,04/08/20,14946821,,14946821,DIAGNOSED_ON_TREATMENT,EDLEEN EDLEEN,28,Female,41,"ALURONG NEAR SC, TERESSA",,,ALURONG,NEAR SC,744304,ANDAMAN & NICOBAR ISLANDS,NICOBARS,NANCOWRIE,9434289218,Not Applicable,ANDAMAN & NICOBAR ISLANDS,NICOBARS,NANCOWRIE,PHC TERESSA,PHI,3,TBU-ANNCB03,Unknown,Non-diabetic,Other,,Clinically Diagnosed TB,No,06/07/20,ANDAMAN & NICOBAR ISLANDS,NICOBARS,NANCOWRIE,PHC TERESSA,PHI,3,New,,Extra Pulmonary,Lymph Node,,,Yes                                               ,0,No                                                ,No,,,,,,
ANDAMAN & NICOBAR ISLANDS,NICOBARS,NICOBAR,BJR HOSPITAL,PHI,1,03/08/20,04/08/20,14948587,,14948587,DIAGNOSED_ON_TREATMENT,MARY BELOVE,17,Male,45,"TUHET- HONGKIYU, HOUSE NO. 119-A, SMALL LAPATHY, CAR NICOBAR",NICOBAR,,SMALL LAPATHY,,744301,ANDAMAN & NICOBAR ISLANDS,NICOBARS,NICOBAR,9434283425,Not Applicable,ANDAMAN & NICOBAR ISLANDS,NICOBARS,NICOBAR,BJR HOSPITAL,PHI,1,TBU-ANNCB01,Non-Reactive,Non-diabetic,Chest X Ray,,Clinically Diagnosed TB,No,03/08/20,ANDAMAN & NICOBAR ISLANDS,NICOBARS,NICOBAR,BJR HOSPITAL,PHI,1,New,,Extra Pulmonary,TBM,,,Yes                                               ,0,Yes                                               ,No,,,,,,
ANDAMAN & NICOBAR ISLANDS,SOUTH ANDAMAN,PORT BLAIR,G B PANT HOSPITAL,PHI,4,23/07/20,10/08/20,14993437,,14993437,DIAGNOSED_OUTCOME_ASSIGNED,Shahrukh Shahrukh,21,Male,32,Chingum village,Campbell bay,,Campbell bay,Bus stand,744302,ANDAMAN & NICOBAR ISLANDS,NICOBARS,CAMPBELL BAY,9531880469,Not Applicable,ANDAMAN & NICOBAR ISLANDS,NICOBARS,CAMPBELL BAY,PHC CAMPBELL BAY,PHI,1,TBU-ANNCB02,Non-Reactive,Non-diabetic,CBNAAT,,"M.tb detected, Rif resistance detected",Yes,24/07/20,ANDAMAN & NICOBAR ISLANDS,NICOBARS,CAMPBELL BAY,PHC CAMPBELL BAY,PHI,1,PMDT,MDR_SHORT,Pulmonary,,DIED,12/10/20,No                                                ,0,No                                                ,Yes,,,,,,
ANDAMAN & NICOBAR ISLANDS,NORTH & MIDDLE ANDAMAN,MAYABUNDER,"DR. R.P.HOSPITAL, MAYABUNDER",PHI,1,28/08/20,29/08/20,15152043,,15152043,DIAGNOSED_ON_TREATMENT,BILGDAN KUJUR,37,Male,57,"AUSTIN 2 , MAYABUNDER ,NORTH AND MIDDLE ANDAMAN",MAYABUNDER,,AUSTIN-2,NEAR ANGANWADI CENTER,744204,ANDAMAN & NICOBAR ISLANDS,NORTH & MIDDLE ANDAMAN,MAYABUNDER,9531877820,Tobacco,ANDAMAN & NICOBAR ISLANDS,NORTH & MIDDLE ANDAMAN,MAYABUNDER,"DR. R.P.HOSPITAL, MAYABUNDER",PHI,1,TBU-ANNMA01,Non-Reactive,Non-diabetic,CBNAAT,80,"M.tb detected, Rif resistance not detected",Yes,28/08/20,ANDAMAN & NICOBAR ISLANDS,NORTH & MIDDLE ANDAMAN,MAYABUNDER,"DR. R.P.HOSPITAL, MAYABUNDER",PHI,1,New,,Pulmonary,,,,Yes                                               ,0,Yes                                               ,Yes,,,,,,
ANDAMAN & NICOBAR ISLANDS,SOUTH ANDAMAN,PORT BLAIR,G B PANT HOSPITAL,PHI,4,04/09/20,07/09/20,15227011,,15227011,DIAGNOSED_ON_TREATMENT,SUMITRA BISWAS,28,Female,40,GARACHARMA,SOUTH ANDAMAN,PORT BLAIR,,NEAR AGENCY HOISE,744105,ANDAMAN & NICOBAR ISLANDS,SOUTH ANDAMAN,PORT BLAIR,9434297569,Not Applicable,ANDAMAN & NICOBAR ISLANDS,SOUTH ANDAMAN,PORT BLAIR,PHC GARACHARMA,PHI,1,TBU-ANSAN01,Non-Reactive,Non-diabetic,Chest X Ray,,Clinically Diagnosed TB,Yes,04/09/20,ANDAMAN & NICOBAR ISLANDS,SOUTH ANDAMAN,PORT BLAIR,PHC GARACHARMA,PHI,1,New,,Pulmonary,,,,Yes                                               ,0,Yes                                               ,Yes,05/11/20,1249,Negative,,,
ANDAMAN & NICOBAR ISLANDS,SOUTH ANDAMAN,PORT BLAIR,G B PANT HOSPITAL,PHI,4,04/09/20,07/09/20,15228860,,15228860,DIAGNOSED_ON_TREATMENT,ANNA POTTO,41,Female,32,BIMBLITAN,SOUTH ANDAMAN,PORT BLAIR ,2,NEAR ANGAN WADI,744105,ANDAMAN & NICOBAR ISLANDS,SOUTH ANDAMAN,PORT BLAIR,9933236902,Tobacco,ANDAMAN & NICOBAR ISLANDS,SOUTH ANDAMAN,PORT BLAIR,PHC GARACHARMA,PHI,1,TBU-ANSAN01,Unknown,,Other,,Clinically Diagnosed TB,No,07/09/20,ANDAMAN & NICOBAR ISLANDS,SOUTH ANDAMAN,PORT BLAIR,PHC GARACHARMA,PHI,1,New,,Extra Pulmonary,Lymph Node,,,No                                                ,0,No                                                ,No,,,,,,
ANDAMAN & NICOBAR ISLANDS,NORTH & MIDDLE ANDAMAN,MAYABUNDER,"DR. R.P.HOSPITAL, MAYABUNDER",PHI,1,02/09/20,07/09/20,15230710,,15230710,DIAGNOSED_ON_TREATMENT,JEEBAN MAZUMDER,58,Male,44,"NEAR PHC KISHORINAGAR  DIGLIPUR
NORTH& MIDDLE ANDAMAN
PIN NO.744202",DIGLIPUR,,KISHORINAGAR,PHC KISHORINAGAR,744202,ANDAMAN & NICOBAR ISLANDS,NORTH & MIDDLE ANDAMAN,DIGLIPUR,9474251846,Not Applicable,ANDAMAN & NICOBAR ISLANDS,NORTH & MIDDLE ANDAMAN,DIGLIPUR,PHC KISHORIE NAGAR,PHI,4,TBU-ANNMA03,Non-Reactive,Diabetic,CBNAAT,100 RPH,"M.tb detected, Rif resistance detected",Yes,03/09/20,ANDAMAN & NICOBAR ISLANDS,NORTH & MIDDLE ANDAMAN,DIGLIPUR,PHC KISHORIE NAGAR,PHI,4,PMDT,MDR_SHORT,Pulmonary,,,,Yes                                               ,0,Yes                                               ,Yes,,,,,,
ANDAMAN & NICOBAR ISLANDS,SOUTH ANDAMAN,PORT BLAIR,G B PANT HOSPITAL,PHI,4,05/09/20,09/09/20,15248818,,15248818,DIAGNOSED_ON_TREATMENT,SATYANARAAN SATYANARAYAN,50,Male,57,NEW BIMBLITAN NEAR SUB CENTRE,PORT BLAIR,,NEW BIMBLITAN,NEAR SUB CENTRE,744105,ANDAMAN & NICOBAR ISLANDS,SOUTH ANDAMAN,PORT BLAIR,9474232462,Diabetes,ANDAMAN & NICOBAR ISLANDS,SOUTH ANDAMAN,PORT BLAIR,PHC GARACHARMA,PHI,1,TBU-ANSAN01,Non-Reactive,Diabetic,CBNAAT,202GBP20,"M.tb detected, Rif resistance detected",Yes,09/09/20,ANDAMAN & NICOBAR ISLANDS,SOUTH ANDAMAN,PORT BLAIR,PHC GARACHARMA,PHI,1,PMDT,MDR_SHORT,Pulmonary,,,,Yes                                               ,0,No                                                ,Yes,,,,,,
ANDAMAN & NICOBAR ISLANDS,SOUTH ANDAMAN,PORT BLAIR,G B PANT HOSPITAL,PHI,4,09/09/20,09/09/20,15251763,,15251763,DIAGNOSED_OUTCOME_ASSIGNED,PRITAM SINGH,28,Male,65,"JUNGLIGHAT, VIP ROAD",SOUTH ANDAMAN,PORT BLAIR ,,NEAR VIP ROAD SHIV MANDIR,744103,ANDAMAN & NICOBAR ISLANDS,SOUTH ANDAMAN,PORT BLAIR,8777032364,Not Applicable,ANDAMAN & NICOBAR ISLANDS,SOUTH ANDAMAN,PORT BLAIR,UHC JUNGLIGHAT,PHI,7,TBU-ANSAN01,Unknown,,Other,,Clinically Diagnosed TB,No,09/09/20,WEST BENGAL,NORTH 24 PARGANAS,NEW BARRACKPUR & MADHYAMGRAM MUNICIPALITY,MADHYAMGRAM MUNICIPALITY (UPHC-2),PHI,2,New,,Extra Pulmonary,Lymph Node,LOST_TO_FOLLOW_UP,15/09/20,Yes                                               ,0,No                                                ,No,,,,,,
ANDAMAN & NICOBAR ISLANDS,NORTH & MIDDLE ANDAMAN,MAYABUNDER,"DR. R.P.HOSPITAL, MAYABUNDER",PHI,1,03/09/20,09/09/20,15256553,,15256553,DIAGNOSED_ON_TREATMENT,Dr. R P MURGAN,51,Male,68,"RANGAT BAY, RANGAT",RANGAT,,RANGAT BAY,,744205,ANDAMAN & NICOBAR ISLANDS,NORTH & MIDDLE ANDAMAN,RANGAT,9476028509,"Tobacco,Diabetes",ANDAMAN & NICOBAR ISLANDS,NORTH & MIDDLE ANDAMAN,RANGAT,CHC RANGAT,PHI,1,TBU-ANNMA02,Non-Reactive,Diabetic,CBNAAT,101  RPH 2020,"M.tb detected, Rif resistance not detected",Yes,04/09/20,ANDAMAN & NICOBAR ISLANDS,NORTH & MIDDLE ANDAMAN,RANGAT,CHC RANGAT,PHI,1,New,,Pulmonary,,,,Yes                                               ,0,Yes                                               ,Yes,,,,,,
ANDAMAN & NICOBAR ISLANDS,SOUTH ANDAMAN,PORT BLAIR,G B PANT HOSPITAL,PHI,4,10/09/20,10/09/20,15264097,,15264097,DIAGNOSED_ON_TREATMENT,K HEMALATHA,22,Female,63,"NAYA SHEHAR, MANGLUTAN",SOUTH ANDAMAN,MANGLUTAN,WARD NO 02,NEAR NAYA SHEHAR SUB CENTRE,744105,ANDAMAN & NICOBAR ISLANDS,SOUTH ANDAMAN,PORT BLAIR,7063934068,Not Applicable,ANDAMAN & NICOBAR ISLANDS,SOUTH ANDAMAN,PORT BLAIR,G B PANT HOSPITAL,PHI,4,TBU-ANSAN01,Non-Reactive,Non-diabetic,Other,,Clinically Diagnosed TB,No,10/09/20,ANDAMAN & NICOBAR ISLANDS,SOUTH ANDAMAN,FERRARGUNJ,PHC MANGLUTAN,PHI,4,New,,Extra Pulmonary,Lymph Node,,,Yes                                               ,0,Yes                                               ,No,,,,,,
ANDAMAN & NICOBAR ISLANDS,NORTH & MIDDLE ANDAMAN,MAYABUNDER,"DR. R.P.HOSPITAL, MAYABUNDER",PHI,1,07/09/20,10/09/20,15268351,,15268351,DIAGNOSED_ON_TREATMENT,ADHIR KUMAR BISWAS,62,Male,50,"KUDHI RAMPUR, DIGLIPUR",DIGLIPUR,,KUDHI RAMPUR,NEAR SUB CENTRE KUDHI RAMPUR,744202,ANDAMAN & NICOBAR ISLANDS,NORTH & MIDDLE ANDAMAN,DIGLIPUR,9474246840,Other,ANDAMAN & NICOBAR ISLANDS,NORTH & MIDDLE ANDAMAN,DIGLIPUR,CHC DIGLIPUR,PHI,1,TBU-ANNMA03,Non-Reactive,Non-diabetic,CBNAAT,104 RPH 2020,"M.tb detected, Rif resistance not detected",Yes,08/09/20,ANDAMAN & NICOBAR ISLANDS,NORTH & MIDDLE ANDAMAN,DIGLIPUR,CHC DIGLIPUR,PHI,1,Retreatment: Others,,Pulmonary,,,,Yes                                               ,0,Yes                                               ,Yes,,,,,,
ANDAMAN & NICOBAR ISLANDS,SOUTH ANDAMAN,PORT BLAIR,G B PANT HOSPITAL,PHI,4,07/09/20,10/09/20,15269386,,15269386,DIAGNOSED_ON_TREATMENT,ANIMA KUJUR,34,Female,55,"DEPO 16,Defence Qtr. BRIJGUNJ, Port Blair, South Andaman ",South  Andaman ,Brijgunj,,DEPO 16,744105,ANDAMAN & NICOBAR ISLANDS,SOUTH ANDAMAN,PORT BLAIR,9476064380,Other,ANDAMAN & NICOBAR ISLANDS,SOUTH ANDAMAN,PORT BLAIR,PHC GARACHARMA,PHI,1,TBU-ANSAN01,Non-Reactive,Unknown,Chest X Ray,,Clinically Diagnosed TB,No,07/09/20,ANDAMAN & NICOBAR ISLANDS,SOUTH ANDAMAN,PORT BLAIR,PHC GARACHARMA,PHI,1,New,,Extra Pulmonary,Other,,,Yes                                               ,0,Yes                                               ,No,,,,,,
ANDAMAN & NICOBAR ISLANDS,SOUTH ANDAMAN,PORT BLAIR,G B PANT HOSPITAL,PHI,4,11/09/20,11/09/20,15272999,,15272999,DIAGNOSED_ON_TREATMENT,SANDHYA .,29,Female,38,"MILE TILAK, JIRKATANG",SOUTH ANDAMAN,JIRKATANG,,NEAR ANGANWADI,744206,ANDAMAN & NICOBAR ISLANDS,SOUTH ANDAMAN,PORT BLAIR,9531922607,Not Applicable,ANDAMAN & NICOBAR ISLANDS,SOUTH ANDAMAN,PORT BLAIR,G B PANT HOSPITAL,PHI,4,TBU-ANSAN01,Unknown,Unknown,Other,,Clinically Diagnosed TB,No,11/09/20,ANDAMAN & NICOBAR ISLANDS,SOUTH ANDAMAN,FERRARGUNJ,PHC FERRARGUNJ,PHI,3,New,,Extra Pulmonary,Abdominal,,,Yes                                               ,0,Yes                                               ,No,,,,,,
ANDAMAN & NICOBAR ISLANDS,SOUTH ANDAMAN,PORT BLAIR,G B PANT HOSPITAL,PHI,4,12/09/20,14/09/20,15291316,,15291316,DIAGNOSED_ON_TREATMENT,RAM SAJEEVAN,55,Male,40,KODIYAGHAT,SOUTH ANDAMAN,PORT BLAIR,,NEAR MASJID,744105,ANDAMAN & NICOBAR ISLANDS,SOUTH ANDAMAN,PORT BLAIR,9679536441,Tobacco,ANDAMAN & NICOBAR ISLANDS,SOUTH ANDAMAN,PORT BLAIR,PHC GARACHARMA,PHI,1,TBU-ANSAN01,Unknown,Diabetic,CBNAAT,212gbp20,"M.tb detected, Rif resistance not detected",Yes,14/09/20,ANDAMAN & NICOBAR ISLANDS,SOUTH ANDAMAN,PORT BLAIR,PHC GARACHARMA,PHI,1,New,,Pulmonary,,,,Yes                                               ,0,Yes                                               ,Yes,,,,,,
ANDAMAN & NICOBAR ISLANDS,SOUTH ANDAMAN,PORT BLAIR,G B PANT HOSPITAL,PHI,4,11/07/20,16/09/20,15314871,,15314871,DIAGNOSED_OUTCOME_ASSIGNED,RASHMI DUNG DUNG,33,Female,31,"CHOULDHARI,  NIMBUBAGICHA",SOUTH ANDAMAN,CHOULDHARI,4,NEAR CARI,744103,ANDAMAN & NICOBAR ISLANDS,SOUTH ANDAMAN,FERRARGUNJ,9531882503,Not Applicable,ANDAMAN & NICOBAR ISLANDS,SOUTH ANDAMAN,FERRARGUNJ,PHC CHOULDARI,PHI,6,TBU-ANSAN02,Non-Reactive,Non-diabetic,Other,,Clinically Diagnosed TB,No,12/07/20,ANDAMAN & NICOBAR ISLANDS,SOUTH ANDAMAN,FERRARGUNJ,PHC CHOULDARI,PHI,6,New,,Extra Pulmonary,Other,DIED,17/12/20,Yes                                               ,0,Yes                                               ,No,,,,,,
ANDAMAN & NICOBAR ISLANDS,SOUTH ANDAMAN,PORT BLAIR,G B PANT HOSPITAL,PHI,4,14/09/20,17/09/20,15326192,,15326192,DIAGNOSED_ON_TREATMENT,SUNITA PANDAY,45,Female,40,2140 RP ROAD DIGNABAD NEAR POLICE HEAD QTR,PORT BLAIR,,DIGNABAD,NEAR POLICE HEAD QTR,744101,ANDAMAN & NICOBAR ISLANDS,SOUTH ANDAMAN,PORT BLAIR,9933255511,Diabetes,ANDAMAN & NICOBAR ISLANDS,SOUTH ANDAMAN,PORT BLAIR,G B PANT HOSPITAL,PHI,4,TBU-ANSAN01,Non-Reactive,Diabetic,CBNAAT,210GBP20,"M.tb detected, Rif resistance detected",Yes,15/09/20,ANDAMAN & NICOBAR ISLANDS,SOUTH ANDAMAN,PORT BLAIR,G B PANT HOSPITAL,PHI,4,PMDT,MDR_SHORT,Pulmonary,,,,Yes                                               ,0,Yes                                               ,Yes,,,,,,
ANDAMAN & NICOBAR ISLANDS,SOUTH ANDAMAN,PORT BLAIR,G B PANT HOSPITAL,PHI,4,17/09/20,18/09/20,15337215,,15337215,DIAGNOSED_ON_TREATMENT,A MALYADRI,20,Male,45,HADDO,SOUTH ANDAMAN,PORT BLAIR,WARD NO 1,NEAR KALIMANDIR,744101,ANDAMAN & NICOBAR ISLANDS,SOUTH ANDAMAN,PORT BLAIR,9476008488,Not Applicable,ANDAMAN & NICOBAR ISLANDS,SOUTH ANDAMAN,PORT BLAIR,UHC HADDO,PHI,10,TBU-ANSAN01,Non-Reactive,Non-diabetic,Microscopy ZN and Fluorescent,1104,Positive,Yes,18/09/20,ANDAMAN & NICOBAR ISLANDS,SOUTH ANDAMAN,PORT BLAIR,UHC HADDO,PHI,10,New,,Pulmonary,,,,Yes                                               ,0,Yes                                               ,No,,,,,,
ANDAMAN & NICOBAR ISLANDS,SOUTH ANDAMAN,LITTLE ANDAMAN,PHC HUTBAY,PHI,1,09/09/20,18/09/20,15345005,,15345005,DIAGNOSED_ON_TREATMENT,Pitter Toppo,32,Male,47,"130/A,Farm Tirkey, Hutbay, Little Andaman, A & N Islands ",South Andaman ,Farm Tirkey ,,SHELTER No.  130/A,744207,ANDAMAN & NICOBAR ISLANDS,SOUTH ANDAMAN,LITTLE ANDAMAN,9531988316,Other,ANDAMAN & NICOBAR ISLANDS,SOUTH ANDAMAN,LITTLE ANDAMAN,PHC HUTBAY,PHI,1,TBU-ANSAN03,Unknown,,Microscopy ZN and Fluorescent,22,Positive,Yes,09/09/20,ANDAMAN & NICOBAR ISLANDS,SOUTH ANDAMAN,LITTLE ANDAMAN,PHC HUTBAY,PHI,1,New,,Pulmonary,,,,Yes                                               ,1,Yes                                               ,Yes,,,,,,
ANDAMAN & NICOBAR ISLANDS,SOUTH ANDAMAN,LITTLE ANDAMAN,PHC HUTBAY,PHI,1,09/09/20,19/09/20,15346747,,15346747,DIAGNOSED_OUTCOME_ASSIGNED,SHIKHA BACHER,27,Female,45,"Ward No.  06,RK Pur Hutbay, Little Andaman, A & N Islands ",South Andaman ,RK Pur,6,RK pur,744207,ANDAMAN & NICOBAR ISLANDS,SOUTH ANDAMAN,LITTLE ANDAMAN,9531996886,Other,ANDAMAN & NICOBAR ISLANDS,SOUTH ANDAMAN,LITTLE ANDAMAN,PHC R.K PUR,PHI,2,TBU-ANSAN03,Non-Reactive,,Microscopy ZN and Fluorescent,23,Positive,Yes,10/09/20,ANDAMAN & NICOBAR ISLANDS,SOUTH ANDAMAN,LITTLE ANDAMAN,PHC R.K PUR,PHI,2,New,,Pulmonary,,TREATMENT_FAILURE,08/10/20,Yes                                               ,0,Yes                                               ,No,,,,,,
ANDAMAN & NICOBAR ISLANDS,SOUTH ANDAMAN,PORT BLAIR,G B PANT HOSPITAL,PHI,4,18/09/20,19/09/20,15349950,,15349950,DIAGNOSED_ON_TREATMENT,AKSHIT KULLU,12,Male,46,BRICHGUNJ,SOUTH ANDAMAN,PORT BLAIR,,NEAR MUNICIPAL OFFICE,744105,ANDAMAN & NICOBAR ISLANDS,SOUTH ANDAMAN,PORT BLAIR,9434275269,Not Applicable,ANDAMAN & NICOBAR ISLANDS,SOUTH ANDAMAN,PORT BLAIR,PHC GARACHARMA,PHI,1,TBU-ANSAN01,Unknown,Non-diabetic,Other,,Clinically Diagnosed TB,No,19/09/20,ANDAMAN & NICOBAR ISLANDS,SOUTH ANDAMAN,PORT BLAIR,PHC GARACHARMA,PHI,1,New,,Extra Pulmonary,Lymph Node,,,Yes                                               ,0,Yes                                               ,No,,,,,,
ANDAMAN & NICOBAR ISLANDS,SOUTH ANDAMAN,PORT BLAIR,G B PANT HOSPITAL,PHI,4,17/09/20,21/09/20,15364189,,15364189,DIAGNOSED_ON_TREATMENT,U VASANTHI,46,Female,50,VALLUVARNAGAR BAMBOOFLAT,FERRARGUNJ,,VALLUVARNAGAR,VALLUVARNAGAR,744107,ANDAMAN & NICOBAR ISLANDS,SOUTH ANDAMAN,FERRARGUNJ,9474215868,Not Applicable,ANDAMAN & NICOBAR ISLANDS,SOUTH ANDAMAN,FERRARGUNJ,CHC BAMBOOFLAT,PHI,1,TBU-ANSAN02,Unknown,Non-diabetic,Other,,Clinically Diagnosed TB,No,17/09/20,ANDAMAN & NICOBAR ISLANDS,SOUTH ANDAMAN,FERRARGUNJ,CHC BAMBOOFLAT,PHI,1,New,,Extra Pulmonary,Lymph Node,,,Yes                                               ,0,Yes                                               ,No,,,,,,
ANDAMAN & NICOBAR ISLANDS,SOUTH ANDAMAN,PORT BLAIR,G B PANT HOSPITAL,PHI,4,18/09/20,22/09/20,15371303,,15371303,DIAGNOSED_OUTCOME_ASSIGNED,DUNNA DANAYYA,48,Male,45,SCHOOL LINE NEAR ANGANWADI CENTRE,PORT BLAIR ,,SCHOOL LINE,NEAR ANGANWADI CENTRE,744103,ANDAMAN & NICOBAR ISLANDS,SOUTH ANDAMAN,PORT BLAIR,7063957828,Other,ANDAMAN & NICOBAR ISLANDS,SOUTH ANDAMAN,PORT BLAIR,UHC DAIRY FARM,PHI,8,TBU-ANSAN01,Non-Reactive,Non-diabetic,CBNAAT,222GBP20,"M.tb detected, Rif resistance detected",Yes,21/09/20,ANDAMAN & NICOBAR ISLANDS,SOUTH ANDAMAN,PORT BLAIR,UHC DAIRY FARM,PHI,8,PMDT,MDR_SHORT,Pulmonary,,TREATMENT_FAILURE,16/11/20,Yes                                               ,0,Yes                                               ,Yes,,,,,,
ANDAMAN & NICOBAR ISLANDS,SOUTH ANDAMAN,PORT BLAIR,G B PANT HOSPITAL,PHI,4,23/09/20,23/09/20,15382579,,15382579,DIAGNOSED_ON_TREATMENT,S COLOSTICA TIGGA,26,Female,40,"MANARGHAT, WIMNERLYGUNJ",SOUTH ANDAMAN,WIMBERLYGUNJ,WARD NO 02,NEAR RANGE OFFICE,744206,ANDAMAN & NICOBAR ISLANDS,SOUTH ANDAMAN,FERRARGUNJ,8900946160,Not Applicable,ANDAMAN & NICOBAR ISLANDS,SOUTH ANDAMAN,FERRARGUNJ,PHC WIMBERLYGUNJ,PHI,2,TBU-ANSAN02,Unknown,Unknown,Other,,Clinically Diagnosed TB,No,23/09/20,ANDAMAN & NICOBAR ISLANDS,SOUTH ANDAMAN,FERRARGUNJ,PHC WIMBERLYGUNJ,PHI,2,Retreatment: Recurrent,,Extra Pulmonary,Lymph Node,,,Yes                                               ,0,Yes                                               ,No,,,,,,
ANDAMAN & NICOBAR ISLANDS,SOUTH ANDAMAN,PORT BLAIR,G B PANT HOSPITAL,PHI,4,13/07/20,25/09/20,15407855,,15407855,DIAGNOSED_OUTCOME_ASSIGNED,KARTICK MONDAL,43,Male,46,"ULLAPARA, NIMBUTALA, RANGAT",RANGAT,NIMBUTALA,WARD NO 03,NEAR AWC,744205,ANDAMAN & NICOBAR ISLANDS,NORTH & MIDDLE ANDAMAN,RANGAT,9476077476,Tobacco,ANDAMAN & NICOBAR ISLANDS,SOUTH ANDAMAN,PORT BLAIR,G B PANT HOSPITAL,PHI,4,TBU-ANSAN01,Non-Reactive,Non-diabetic,Chest X Ray,,Clinically Diagnosed TB,No,13/07/20,ANDAMAN & NICOBAR ISLANDS,NORTH & MIDDLE ANDAMAN,RANGAT,CHC RANGAT,PHI,1,New,,Extra Pulmonary,Pleural,TREATMENT_COMPLETE,27/12/20,Yes                                               ,0,Yes                                               ,No,,,,,,
ANDAMAN & NICOBAR ISLANDS,SOUTH ANDAMAN,PORT BLAIR,G B PANT HOSPITAL,PHI,4,23/09/20,25/09/20,15408998,,15408998,DIAGNOSED_ON_TREATMENT,RAM LAKHAN SINGH,38,Male,50,BROOKSHABAD,SOUHT ANDAMAN,PORT BLAIR,WARD NO 21,NEAR SEASHORE,744112,ANDAMAN & NICOBAR ISLANDS,SOUTH ANDAMAN,PORT BLAIR,9679500336,Tobacco,ANDAMAN & NICOBAR ISLANDS,SOUTH ANDAMAN,PORT BLAIR,PHC GARACHARMA,PHI,1,TBU-ANSAN01,Unknown,,Microscopy ZN and Fluorescent,1120,Positive,Yes,23/09/20,ANDAMAN & NICOBAR ISLANDS,SOUTH ANDAMAN,PORT BLAIR,PHC GARACHARMA,PHI,1,New,,Pulmonary,,,,Yes                                               ,0,Yes                                               ,Yes,,,,,,
ANDAMAN & NICOBAR ISLANDS,SOUTH ANDAMAN,PORT BLAIR,G B PANT HOSPITAL,PHI,4,30/09/20,01/10/20,15466445,,8230152,DIAGNOSED_OUTCOME_ASSIGNED,PRAMOD JEEVAN KUJUR,33,Male,34,CHAKKARGAON,PORT BLAIR,,SHADIPUR,SHOPPING COMPLEX CHAKKARGAON,744106,ANDAMAN & NICOBAR ISLANDS,SOUTH ANDAMAN,PORT BLAIR,9679526512,Other,ANDAMAN & NICOBAR ISLANDS,SOUTH ANDAMAN,PORT BLAIR,UHC SHADIPUR,PHI,6,TBU-ANSAN01,Non-Reactive,,CBNAAT,240GBP20,"M.tb detected, Rif resistance detected",Yes,01/10/20,ANDAMAN & NICOBAR ISLANDS,SOUTH ANDAMAN,PORT BLAIR,UHC SHADIPUR,PHI,6,PMDT,MDR_SHORT,Pulmonary,,DIED,20/10/20,Yes                                               ,0,No                                                ,Yes,,,,,,
ANDAMAN & NICOBAR ISLANDS,NORTH & MIDDLE ANDAMAN,DIGLIPUR,CHC DIGLIPUR,PHI,1,11/09/20,25/09/20,15412270,,15412270,DIAGNOSED_ON_TREATMENT,SANJAY  KISPOTTA,44,Male,57,"DURGAPUR, DIGLIPUR",DIGLIPUR,,DURGAPUR,NEAR A P W D OFFICE,744202,ANDAMAN & NICOBAR ISLANDS,NORTH & MIDDLE ANDAMAN,DIGLIPUR,9531827812,Tobacco,ANDAMAN & NICOBAR ISLANDS,NORTH & MIDDLE ANDAMAN,DIGLIPUR,CHC DIGLIPUR,PHI,1,TBU-ANNMA03,Non-Reactive,Non-diabetic,Microscopy ZN and Fluorescent,161,Positive,Yes,12/09/20,ANDAMAN & NICOBAR ISLANDS,NORTH & MIDDLE ANDAMAN,DIGLIPUR,CHC DIGLIPUR,PHI,1,New,,Pulmonary,,,,Yes                                               ,0,Yes                                               ,Yes,,,,,,
ANDAMAN & NICOBAR ISLANDS,SOUTH ANDAMAN,PORT BLAIR,G B PANT HOSPITAL,PHI,4,19/09/20,28/09/20,15428094,,15428094,DIAGNOSED_ON_TREATMENT,KRISHNA RAO,52,Male,52,DAIRY FARM NEAR SHIV MANDIR,PORT BLAIR,,15,SHIV MANDIR,744103,ANDAMAN & NICOBAR ISLANDS,SOUTH ANDAMAN,PORT BLAIR,9679511730,Not Applicable,ANDAMAN & NICOBAR ISLANDS,SOUTH ANDAMAN,PORT BLAIR,UHC DAIRY FARM,PHI,8,TBU-ANSAN01,Non-Reactive,Diabetic,Microscopy ZN and Fluorescent,1116,Positive,Yes,22/09/20,ANDAMAN & NICOBAR ISLANDS,SOUTH ANDAMAN,PORT BLAIR,UHC DAIRY FARM,PHI,8,New,,Pulmonary,,,,Yes                                               ,0,Yes                                               ,Yes,12/11/20,1282,Negative,,,
ANDAMAN & NICOBAR ISLANDS,SOUTH ANDAMAN,PORT BLAIR,G B PANT HOSPITAL,PHI,4,22/09/20,28/09/20,15428389,,15428389,DIAGNOSED_NOT_ON_TREATMENT_CLOSED,M HAMZA,57,Male,,PHOENIX BAY,PORT BLAIR,,,,744101,ANDAMAN & NICOBAR ISLANDS,SOUTH ANDAMAN,PORT BLAIR,9434260593,Not Applicable,ANDAMAN & NICOBAR ISLANDS,SOUTH ANDAMAN,PORT BLAIR,UHC DELANIPUR,PHI,9,TBU-ANSAN01,Unknown,,Microscopy ZN and Fluorescent,1123,Positive,Yes,,ANDAMAN & NICOBAR ISLANDS,SOUTH ANDAMAN,PORT BLAIR,UHC DELANIPUR,PHI,9,New,,,,DIED,26/12/20,No                                                ,0,No                                                ,No,,,,,,
ANDAMAN & NICOBAR ISLANDS,SOUTH ANDAMAN,PORT BLAIR,G B PANT HOSPITAL,PHI,4,23/09/20,28/09/20,15428552,,15428552,DIAGNOSED_ON_TREATMENT,VIVANTI KUMARI,32,Female,42,GARACHARMA,PORT BLAIR,,,,744105,ANDAMAN & NICOBAR ISLANDS,SOUTH ANDAMAN,PORT BLAIR,9474266559,Not Applicable,ANDAMAN & NICOBAR ISLANDS,SOUTH ANDAMAN,PORT BLAIR,PHC GARACHARMA,PHI,1,TBU-ANSAN01,Non-Reactive,Non-diabetic,Microscopy ZN and Fluorescent,1125,Positive,Yes,23/09/20,ANDAMAN & NICOBAR ISLANDS,SOUTH ANDAMAN,PORT BLAIR,PHC GARACHARMA,PHI,1,New,,Pulmonary,,,,Yes                                               ,0,Yes                                               ,Yes,19/11/20,1303,Negative,,,
ANDAMAN & NICOBAR ISLANDS,SOUTH ANDAMAN,PORT BLAIR,G B PANT HOSPITAL,PHI,4,23/09/20,28/09/20,15428722,,15428722,DIAGNOSED_ON_TREATMENT,HAMILTON HAMILTON,23,Male,60,DAIRY FARM,PORT BLAIR,,15,NEAR GANESH TEMPLE,744103,ANDAMAN & NICOBAR ISLANDS,SOUTH ANDAMAN,PORT BLAIR,8900954498,Not Applicable,ANDAMAN & NICOBAR ISLANDS,SOUTH ANDAMAN,PORT BLAIR,UHC DAIRY FARM,PHI,8,TBU-ANSAN01,Non-Reactive,Non-diabetic,Microscopy ZN and Fluorescent,1126,Positive,Yes,30/09/20,ANDAMAN & NICOBAR ISLANDS,SOUTH ANDAMAN,PORT BLAIR,UHC DAIRY FARM,PHI,8,New,,Pulmonary,,,,Yes                                               ,0,Yes                                               ,No,,,,,,
ANDAMAN & NICOBAR ISLANDS,SOUTH ANDAMAN,PORT BLAIR,G B PANT HOSPITAL,PHI,4,10/09/20,30/09/20,15450205,,15450205,DIAGNOSED_NOT_ON_TREATMENT,P SIMA CHALAM,45,Male,,DAIRY FARM,PORT BLAIR,,14,,744103,ANDAMAN & NICOBAR ISLANDS,SOUTH ANDAMAN,PORT BLAIR,9434278905,Not Applicable,ANDAMAN & NICOBAR ISLANDS,SOUTH ANDAMAN,PORT BLAIR,UHC DAIRY FARM,PHI,8,TBU-ANSAN01,Non-Reactive,,Microscopy ZN and Fluorescent,1088,Positive,Yes,,ANDAMAN & NICOBAR ISLANDS,SOUTH ANDAMAN,PORT BLAIR,UHC DAIRY FARM,PHI,8,Retreatment: Others,,,,,,No                                                ,0,No                                                ,Yes,09/11/20,1266,Negative,,,
ANDAMAN & NICOBAR ISLANDS,NORTH & MIDDLE ANDAMAN,RANGAT,CHC RANGAT,PHI,1,03/09/20,01/10/20,15465981,,15465981,DIAGNOSED_ON_TREATMENT,ATHNUS URAN,35,Male,34,"NEAR PILLAR HOSPITAL , RANGATWARD NO-1",RANGAT,,RANGAT WARD NO -1,NEAR PILLAR HOSPITAL,744205,ANDAMAN & NICOBAR ISLANDS,NORTH & MIDDLE ANDAMAN,RANGAT,9474263209,Diabetes,ANDAMAN & NICOBAR ISLANDS,NORTH & MIDDLE ANDAMAN,RANGAT,CHC RANGAT,PHI,1,TBU-ANNMA02,Non-Reactive,Diabetic,Microscopy ZN and Fluorescent,132 A,Positive,Yes,08/09/20,ANDAMAN & NICOBAR ISLANDS,NORTH & MIDDLE ANDAMAN,RANGAT,CHC RANGAT,PHI,1,New,,Pulmonary,,,,Yes                                               ,0,No                                                ,No,,,,,,
ANDAMAN & NICOBAR ISLANDS,SOUTH ANDAMAN,PORT BLAIR,G B PANT HOSPITAL,PHI,4,29/09/20,01/10/20,15466799,,15466799,DIAGNOSED_ON_TREATMENT,ANAND PRAMOD KERKETTA,34,Male,42,"Near Hotel Destination,DOLLYGUNJ,Port Blair,South Andaman,A & N Islands.",SOUTH ANDAMAN,,Dolly Gunj,NEAR HOTEL DESTINATION,744103,ANDAMAN & NICOBAR ISLANDS,SOUTH ANDAMAN,PORT BLAIR,9474206814,Not Applicable,ANDAMAN & NICOBAR ISLANDS,SOUTH ANDAMAN,PORT BLAIR,PHC GARACHARMA,PHI,1,TBU-ANSAN01,Positive,Non-diabetic,CBNAAT,244GBP20,"M.tb detected, Rif resistance not detected",Yes,03/10/20,ANDAMAN & NICOBAR ISLANDS,SOUTH ANDAMAN,PORT BLAIR,PHC GARACHARMA,PHI,1,New,,Pulmonary,,,,Yes                                               ,0,Yes                                               ,Yes,04/12/20,1356,Negative,,,
ANDAMAN & NICOBAR ISLANDS,SOUTH ANDAMAN,PORT BLAIR,G B PANT HOSPITAL,PHI,4,30/09/20,03/10/20,15478519,,15478519,DIAGNOSED_ON_TREATMENT,G MUNESWARI,30,Female,40,NAYAGAON,SOUTH ANDAMAN,PORT BLAIR,WARD NO 12,OPP JAYA LAXMI STORE,744103,ANDAMAN & NICOBAR ISLANDS,SOUTH ANDAMAN,PORT BLAIR,9679581333,Not Applicable,ANDAMAN & NICOBAR ISLANDS,SOUTH ANDAMAN,PORT BLAIR,UHC SHADIPUR,PHI,6,TBU-ANSAN01,Non-Reactive,Non-diabetic,CBNAAT,246GBP20,"M.tb detected, Rif resistance not detected",Yes,30/09/20,ANDAMAN & NICOBAR ISLANDS,SOUTH ANDAMAN,PORT BLAIR,UHC SHADIPUR,PHI,6,New,,Pulmonary,,,,Yes                                               ,0,Yes                                               ,Yes,18/11/20,1299,Negative,,,
ANDAMAN & NICOBAR ISLANDS,SOUTH ANDAMAN,PORT BLAIR,G B PANT HOSPITAL,PHI,4,21/09/20,05/10/20,15491494,,15491494,DIAGNOSED_ON_TREATMENT,SAMUVEL SAMUVEL,21,Male,70,NEAR RCC CULUVERI SOULBAY,FERRARGUNJ,,SHOULBAY,NEAR RCC CULUVERI ,744103,ANDAMAN & NICOBAR ISLANDS,SOUTH ANDAMAN,FERRARGUNJ,9476084250,Not Applicable,ANDAMAN & NICOBAR ISLANDS,SOUTH ANDAMAN,FERRARGUNJ,PHC WIMBERLYGUNJ,PHI,2,TBU-ANSAN02,Non-Reactive,Non-diabetic,Other,,Clinically Diagnosed TB,No,22/09/20,ANDAMAN & NICOBAR ISLANDS,SOUTH ANDAMAN,FERRARGUNJ,PHC WIMBERLYGUNJ,PHI,2,New,,Extra Pulmonary,Lymph Node,,,Yes                                               ,0,Yes                                               ,No,,,,,,
ANDAMAN & NICOBAR ISLANDS,SOUTH ANDAMAN,PORT BLAIR,G B PANT HOSPITAL,PHI,4,19/09/20,05/10/20,15492862,,15492862,DIAGNOSED_ON_TREATMENT,AJIT KUMAR TIRKEY,43,Male,62,NEAR RANGE OFFICE MANARGHAT,FERRARGUNJ,,MANARGHAT,NEAR RANGE OFFICE,744206,ANDAMAN & NICOBAR ISLANDS,SOUTH ANDAMAN,FERRARGUNJ,9531813479,Not Applicable,ANDAMAN & NICOBAR ISLANDS,SOUTH ANDAMAN,FERRARGUNJ,PHC WIMBERLYGUNJ,PHI,2,TBU-ANSAN02,Non-Reactive,Diabetic,Other,,Clinically Diagnosed TB,No,19/09/20,ANDAMAN & NICOBAR ISLANDS,SOUTH ANDAMAN,FERRARGUNJ,PHC WIMBERLYGUNJ,PHI,2,New,,Extra Pulmonary,Lymph Node,,,Yes                                               ,0,Yes                                               ,No,,,,,,
ANDAMAN & NICOBAR ISLANDS,SOUTH ANDAMAN,PORT BLAIR,G B PANT HOSPITAL,PHI,4,29/09/20,05/10/20,15494911,,15494911,DIAGNOSED_ON_TREATMENT,PULMATI DEVI,32,Female,30,NEAR SC NAMUNAGHAR NEAR TO QUARRY,FERRARGUNJ,,NAMUNAGHAR, NEAR TO QUARRY,744103,ANDAMAN & NICOBAR ISLANDS,SOUTH ANDAMAN,FERRARGUNJ,9679588039,Not Applicable,ANDAMAN & NICOBAR ISLANDS,SOUTH ANDAMAN,FERRARGUNJ,PHC TUSHNABAD,PHI,5,TBU-ANSAN02,Non-Reactive,Non-diabetic,Other,,Clinically Diagnosed TB,No,30/09/20,ANDAMAN & NICOBAR ISLANDS,SOUTH ANDAMAN,FERRARGUNJ,PHC TUSHNABAD,PHI,5,New,,Extra Pulmonary,Miliary,,,Yes                                               ,0,Yes                                               ,No,,,,,,
ANDAMAN & NICOBAR ISLANDS,NICOBARS,NICOBAR,BJR HOSPITAL,PHI,1,29/09/20,06/10/20,15500942,,15500942,DIAGNOSED_ON_TREATMENT,S V PRADEEP,24,Male,68,"CHONG IU - TUHET
MUS VILLAGE
CAR NICOBAR",CAR NICOBAR,,MUS VILLAGE,NEAR WATER SUPPLY,744301,ANDAMAN & NICOBAR ISLANDS,NICOBARS,NICOBAR,9434286119,Not Applicable,ANDAMAN & NICOBAR ISLANDS,NICOBARS,NICOBAR,BJR HOSPITAL,PHI,1,TBU-ANNCB01,Non-Reactive,Non-diabetic,Other,,Clinically Diagnosed TB,No,30/09/20,ANDAMAN & NICOBAR ISLANDS,NICOBARS,NICOBAR,BJR HOSPITAL,PHI,1,Retreatment: Others,,Extra Pulmonary,Lymph Node,,,Yes                                               ,0,Yes                                               ,No,,,,,,
ANDAMAN & NICOBAR ISLANDS,SOUTH ANDAMAN,PORT BLAIR,G B PANT HOSPITAL,PHI,4,26/09/20,09/10/20,15538185,,15538185,DIAGNOSED_ON_TREATMENT,DUNNA MEENA,24,Female,55,HADDO,PORT BLAIR,,2,NEAR ANAND LODGE,744101,ANDAMAN & NICOBAR ISLANDS,SOUTH ANDAMAN,PORT BLAIR,9476039710,Not Applicable,ANDAMAN & NICOBAR ISLANDS,SOUTH ANDAMAN,PORT BLAIR,UHC HADDO,PHI,10,TBU-ANSAN01,Non-Reactive,Non-diabetic,CBNAAT,239GBP20,"M.tb detected, Rif resistance not detected",Yes,03/10/20,ANDAMAN & NICOBAR ISLANDS,SOUTH ANDAMAN,PORT BLAIR,UHC HADDO,PHI,10,New,,Extra Pulmonary,Lymph Node,,,Yes                                               ,0,Yes                                               ,Yes,,,,,,
ANDAMAN & NICOBAR ISLANDS,SOUTH ANDAMAN,PORT BLAIR,G B PANT HOSPITAL,PHI,4,30/09/20,09/10/20,15538345,,15538345,DIAGNOSED_OUTCOME_ASSIGNED,LALIT SORENG,31,Male,45,GARACHARMA,PORT BLAIR,,,WARD NO-4,744105,ANDAMAN & NICOBAR ISLANDS,SOUTH ANDAMAN,PORT BLAIR,9531968151,Not Applicable,ANDAMAN & NICOBAR ISLANDS,SOUTH ANDAMAN,PORT BLAIR,PHC GARACHARMA,PHI,1,TBU-ANSAN01,Non-Reactive,Non-diabetic,Microscopy ZN and Fluorescent,1138,Positive,Yes,22/10/20,ANDAMAN & NICOBAR ISLANDS,SOUTH ANDAMAN,PORT BLAIR,PHC GARACHARMA,PHI,1,New,,Pulmonary,,DIED,11/11/20,No                                                ,0,No                                                ,Yes,,,,,,
ANDAMAN & NICOBAR ISLANDS,SOUTH ANDAMAN,PORT BLAIR,G B PANT HOSPITAL,PHI,4,25/07/20,19/10/20,15647764,,15647764,DIAGNOSED_ON_TREATMENT,NAGESH RAO M,37,Male,162,HADDO,PORT BLAIR,HADDO,2,NEAR KRISHNA MANDIR,744101,ANDAMAN & NICOBAR ISLANDS,SOUTH ANDAMAN,PORT BLAIR,9679506197,Not Applicable,ANDAMAN & NICOBAR ISLANDS,SOUTH ANDAMAN,PORT BLAIR,UHC HADDO,PHI,10,TBU-ANSAN01,Unknown,Unknown,Other,,Clinically Diagnosed TB,No,28/07/20,ANDAMAN & NICOBAR ISLANDS,SOUTH ANDAMAN,PORT BLAIR,UHC HADDO,PHI,10,New,,Extra Pulmonary,Other,,,Yes                                               ,0,Yes                                               ,No,,,,,,
ANDAMAN & NICOBAR ISLANDS,SOUTH ANDAMAN,PORT BLAIR,G B PANT HOSPITAL,PHI,4,28/09/20,19/10/20,15648168,,15648168,DIAGNOSED_ON_TREATMENT,SENTHIL KUMARAN,8,Male,14,BATHU BASTHI,SOUTH ANDAMAN,PORT BLAIR,24,NEAR RANGER OFFICE,744105,ANDAMAN & NICOBAR ISLANDS,SOUTH ANDAMAN,PORT BLAIR,9933284429,Not Applicable,ANDAMAN & NICOBAR ISLANDS,SOUTH ANDAMAN,PORT BLAIR,PHC GARACHARMA,PHI,1,TBU-ANSAN01,Unknown,,Other,,Clinically Diagnosed TB,No,19/10/20,ANDAMAN & NICOBAR ISLANDS,SOUTH ANDAMAN,PORT BLAIR,PHC GARACHARMA,PHI,1,New,,Extra Pulmonary,Lymph Node,,,Yes                                               ,0,Yes                                               ,No,,,,,,
ANDAMAN & NICOBAR ISLANDS,SOUTH ANDAMAN,PORT BLAIR,G B PANT HOSPITAL,PHI,4,30/07/20,23/10/20,15711248,,15711248,DIAGNOSED_ON_TREATMENT,FLOWRANCE ALBETUS,39,Female,60,"PERKA VILLAGE 
CAR NICOBAR",CAR NICOBAR,,PERKA VILLAGE,,744301,ANDAMAN & NICOBAR ISLANDS,NICOBARS,NICOBAR,9531937288,Contact of Known TB Patients,ANDAMAN & NICOBAR ISLANDS,NICOBARS,NICOBAR,BJR HOSPITAL,PHI,1,TBU-ANNCB01,Non-Reactive,Non-diabetic,Chest X Ray,,Clinically Diagnosed TB,No,30/07/20,ANDAMAN & NICOBAR ISLANDS,NICOBARS,NICOBAR,BJR HOSPITAL,PHI,1,New,,Extra Pulmonary,Pleural,,,Yes                                               ,0,Yes                                               ,No,,,,,,
ANDAMAN & NICOBAR ISLANDS,NICOBARS,NANCOWRIE,CHC NANCOWRIE,PHI,1,12/09/20,27/10/20,15739565,,15739565,DIAGNOSED_ON_TREATMENT,NAILY NAILY,41,Female,41,CHINGUM VILLAGE,CAMPBELL BAY,,CAMPBELL BAY,PRIMARY SCHOOL CHINGUM VILLAGE,744302,ANDAMAN & NICOBAR ISLANDS,NICOBARS,CAMPBELL BAY,8900944618,Not Applicable,ANDAMAN & NICOBAR ISLANDS,NICOBARS,CAMPBELL BAY,PHC CAMPBELL BAY,PHI,1,TBU-ANNCB02,Non-Reactive,Non-diabetic,Microscopy ZN and Fluorescent,32A,Positive,Yes,16/09/20,ANDAMAN & NICOBAR ISLANDS,NICOBARS,CAMPBELL BAY,PHC CAMPBELL BAY,PHI,1,New,,Pulmonary,,,,Yes                                               ,0,Yes                                               ,Yes,,,,,,
ANDAMAN & NICOBAR ISLANDS,SOUTH ANDAMAN,PORT BLAIR,G B PANT HOSPITAL,PHI,4,24/09/20,29/10/20,15765517,,15765517,DIAGNOSED_ON_TREATMENT,NITYA NANDA BISWAS,79,Male,30,DIARY FARM,PORT BLAIR,,15,CITIZEN COLONY,744103,ANDAMAN & NICOBAR ISLANDS,SOUTH ANDAMAN,PORT BLAIR,9531859187,Not Applicable,ANDAMAN & NICOBAR ISLANDS,SOUTH ANDAMAN,PORT BLAIR,UHC DAIRY FARM,PHI,8,TBU-ANSAN01,Unknown,Non-diabetic,Other,,Clinically Diagnosed TB,No,25/09/20,ANDAMAN & NICOBAR ISLANDS,SOUTH ANDAMAN,PORT BLAIR,UHC DAIRY FARM,PHI,8,New,,Extra Pulmonary,Pleural,,,Yes                                               ,0,Yes                                               ,No,,,,,,
ANDAMAN & NICOBAR ISLANDS,SOUTH ANDAMAN,PORT BLAIR,G B PANT HOSPITAL,PHI,4,23/09/20,04/11/20,15837170,,15837170,DIAGNOSED_ON_TREATMENT,P BUCHI NAIDU,40,Male,47,"TELGU BASTHI, OLD PAHAD GOAN,PORT BLAIR,SOUTH ANDAMAN.",SOUTH ANDAMAN,,TELGU BASTHI,NEAR TELGU BASTHI,744105,ANDAMAN & NICOBAR ISLANDS,SOUTH ANDAMAN,PORT BLAIR,9531973731,Not Applicable,ANDAMAN & NICOBAR ISLANDS,SOUTH ANDAMAN,PORT BLAIR,PHC GARACHARMA,PHI,1,TBU-ANSAN01,Non-Reactive,Non-diabetic,Other,,Clinically Diagnosed TB,No,24/09/20,ANDAMAN & NICOBAR ISLANDS,SOUTH ANDAMAN,PORT BLAIR,PHC GARACHARMA,PHI,1,New,,Extra Pulmonary,Other,,,Yes                                               ,0,Yes                                               ,No,,,,,,