﻿DiagnosingFacilityState,DiagnosingFacilityDistrict,DiagnosingFacilityTBU,DiagnosingFacilityPHI,DiagnosingFacilityPHIType,DiagnosingFacilityPHI_ID,DiagnosisDate,EnrollmentDate,EpisodeID,OldNikshayId,PatientId,Patient_Status,PatientName,Age,Gender,Weight,Patient_Address,Taluka,Town,Ward,Landmark,Pincode,Residential_State,Residential_District,Residential_TU,PrimaryPhone,KeyPopulation,EnrollmentFacilityState,EnrollmentFacilityDistrict,EnrollmentFacilityTBU,EnrollmentFacilityPHI,EnrollmentFacilityPHIType,EnrollmentFacilityPHI_ID,UserID_Enrollment,HIV_Status,DiabetesStatus,basisOfDiagnosis_TestName,basisOfDiagnosis_LabSerialNo,basisOfDiagnosis_FinalInterpretation,Microbiologically_Confirmed,DateOf_TB_Treatment_Initiation,CurrentFacilityState,CurrentFacilityDistrict,CurrentFacilityTBU,CurrentFacilityPHI,CurrentFacilityPHIType,CurrentFacilityPHI_ID,TypeOfCase,PMDT_RegimenType,SiteOfDisease,EPSite,Treatment_Outcome,Treatment_Outcome_Date,BankDetailsAdded,FollowupDone_Count,ContactTracing_Done,UDST_Done,EndOfIP_SM_DateOfReport,EndOfIP_LabID,EndOfIP_FinalInterpretation,EndOfCP_SM_DateOfReport,EndOfCP_LabID,EndOfCP_FinalInterpretation
ANDAMAN & NICOBAR ISLANDS,SOUTH ANDAMAN,PORT BLAIR,G B PANT HOSPITAL,PHI,4,02/10/20,06/10/20,15500651,,15500651,DIAGNOSED_ON_TREATMENT,B  GEETHA,46,Female,73,"OPPOSITE MARUTI AGENCY HOUSE ,GARACHARMA,PORT BLAIR,SOUTH ANDAMAN.",SOUTH ANDAMAN,,GARACHARMA,OPPOSITE MARUTI AGENCY,744105,ANDAMAN & NICOBAR ISLANDS,SOUTH ANDAMAN,PORT BLAIR,9474204698,Not Applicable,ANDAMAN & NICOBAR ISLANDS,SOUTH ANDAMAN,PORT BLAIR,PHC GARACHARMA,PHI,1,TBU-ANSAN01,Non-Reactive,Unknown,Other,,Clinically Diagnosed TB,No,05/10/20,ANDAMAN & NICOBAR ISLANDS,SOUTH ANDAMAN,PORT BLAIR,PHC GARACHARMA,PHI,1,New,,Extra Pulmonary,Lymph Node,,,Yes                                               ,0,Yes                                               ,No,,,,,,
ANDAMAN & NICOBAR ISLANDS,SOUTH ANDAMAN,PORT BLAIR,G B PANT HOSPITAL,PHI,4,05/10/20,08/10/20,15529090,,15529090,DIAGNOSED_ON_TREATMENT,USHA KURUP,65,Female,40,DIGNABAD,SOUTH ANDAMAN,PORT BLAIR,WARD NO 04,NEAR DURGA POOJA PANDAL,744101,ANDAMAN & NICOBAR ISLANDS,SOUTH ANDAMAN,PORT BLAIR,9434284622,Diabetes,ANDAMAN & NICOBAR ISLANDS,SOUTH ANDAMAN,PORT BLAIR,G B PANT HOSPITAL,PHI,4,TBU-ANSAN01,Non-Reactive,Diabetic,Microscopy ZN and Fluorescent,1147,Positive,Yes,05/10/20,ANDAMAN & NICOBAR ISLANDS,SOUTH ANDAMAN,PORT BLAIR,G B PANT HOSPITAL,PHI,4,New,,Pulmonary,,,,Yes                                               ,0,Yes                                               ,Yes,,,,,,
ANDAMAN & NICOBAR ISLANDS,SOUTH ANDAMAN,PORT BLAIR,G B PANT HOSPITAL,PHI,4,05/10/20,09/10/20,15538672,,7907032,DIAGNOSED_ON_TREATMENT,BIKAS CHAND,28,Male,40,"71, NAYAGAON",PORT BLAIR,,SHADIPUR,NEAR CHILDREN JAIL,744106,ANDAMAN & NICOBAR ISLANDS,SOUTH ANDAMAN,PORT BLAIR,9531806652,Not Applicable,ANDAMAN & NICOBAR ISLANDS,SOUTH ANDAMAN,PORT BLAIR,UHC SHADIPUR,PHI,6,TBU-ANSAN01,Non-Reactive,Non-diabetic,Microscopy ZN and Fluorescent,1150,Positive,Yes,12/10/20,ANDAMAN & NICOBAR ISLANDS,SOUTH ANDAMAN,PORT BLAIR,UHC SHADIPUR,PHI,6,Retreatment: Others,,Pulmonary,,,,Yes                                               ,0,Yes                                               ,Yes,,,,,,
ANDAMAN & NICOBAR ISLANDS,SOUTH ANDAMAN,PORT BLAIR,G B PANT HOSPITAL,PHI,4,07/10/20,09/10/20,15538762,,15538762,DIAGNOSED_ON_TREATMENT,JYOTHI .,32,Female,32,RANCHI BASTI,PORT BLAIR,,15,NEAR COMMUNITY HALL,744103,ANDAMAN & NICOBAR ISLANDS,SOUTH ANDAMAN,PORT BLAIR,9531923572,Not Applicable,ANDAMAN & NICOBAR ISLANDS,SOUTH ANDAMAN,PORT BLAIR,UHC DAIRY FARM,PHI,8,TBU-ANSAN01,Non-Reactive,Non-diabetic,Microscopy ZN and Fluorescent,1160,Positive,Yes,08/10/20,ANDAMAN & NICOBAR ISLANDS,SOUTH ANDAMAN,PORT BLAIR,UHC DAIRY FARM,PHI,8,New,,Pulmonary,,,,Yes                                               ,0,Yes                                               ,Yes,24/11/20,1319,Negative,,,
ANDAMAN & NICOBAR ISLANDS,SOUTH ANDAMAN,PORT BLAIR,G B PANT HOSPITAL,PHI,4,06/10/20,09/10/20,15539198,,15539198,DIAGNOSED_ON_TREATMENT,RADHA D,22,Female,35,PANIGHAT,PORT BLAIR,,,CHUNNABHATTA,744107,ANDAMAN & NICOBAR ISLANDS,SOUTH ANDAMAN,PORT BLAIR,9531931025,Not Applicable,ANDAMAN & NICOBAR ISLANDS,SOUTH ANDAMAN,FERRARGUNJ,CHC BAMBOOFLAT,PHI,1,TBU-ANSAN01,Non-Reactive,Non-diabetic,Microscopy ZN and Fluorescent,1156,Positive,Yes,06/10/20,ANDAMAN & NICOBAR ISLANDS,SOUTH ANDAMAN,FERRARGUNJ,CHC BAMBOOFLAT,PHI,1,New,,Pulmonary,,,,Yes                                               ,0,No                                                ,Yes,,,,,,
ANDAMAN & NICOBAR ISLANDS,SOUTH ANDAMAN,PORT BLAIR,G B PANT HOSPITAL,PHI,4,06/10/20,09/10/20,15541926,,15541926,DIAGNOSED_ON_TREATMENT,RESHMI KHATOON,15,Female,32,ROUND BASTI NEAR LALAJI HOTEL ,PORT BLAIR,,ROUND BASTI,NEAR LALAJI HOTEL,744101,ANDAMAN & NICOBAR ISLANDS,SOUTH ANDAMAN,PORT BLAIR,9933298532,Other,ANDAMAN & NICOBAR ISLANDS,SOUTH ANDAMAN,PORT BLAIR,G B PANT HOSPITAL,PHI,4,TBU-ANSAN01,Non-Reactive,Non-diabetic,CBNAAT,257GBP20,"M.tb detected, Rif resistance detected",Yes,08/10/20,ANDAMAN & NICOBAR ISLANDS,SOUTH ANDAMAN,PORT BLAIR,G B PANT HOSPITAL,PHI,4,PMDT,MDR_SHORT,Pulmonary,,,,Yes                                               ,0,Yes                                               ,Yes,,,,,,
ANDAMAN & NICOBAR ISLANDS,SOUTH ANDAMAN,PORT BLAIR,G B PANT HOSPITAL,PHI,4,06/10/20,09/10/20,15544702,,15346747,DIAGNOSED_ON_TREATMENT,SHIKHA BACHER,27,Female,40,R.K.PUR HUTBAY NEAR ANGANWADI CENTRE WARD NO - 04 ,South Andaman ,,4,RK PUR,744207,ANDAMAN & NICOBAR ISLANDS,SOUTH ANDAMAN,LITTLE ANDAMAN,9531996886,Other,ANDAMAN & NICOBAR ISLANDS,SOUTH ANDAMAN,LITTLE ANDAMAN,PHC R.K PUR,PHI,2,TBU-ANSAN03,Non-Reactive,Non-diabetic,CBNAAT,256GBP20,"M.tb detected, Rif resistance detected",Yes,09/10/20,ANDAMAN & NICOBAR ISLANDS,SOUTH ANDAMAN,LITTLE ANDAMAN,PHC R.K PUR,PHI,2,PMDT,MDR_SHORT,Pulmonary,,,,Yes                                               ,0,Yes                                               ,Yes,,,,,,
ANDAMAN & NICOBAR ISLANDS,SOUTH ANDAMAN,PORT BLAIR,G B PANT HOSPITAL,PHI,4,09/10/20,15/10/20,15607333,,15607333,DIAGNOSED_ON_TREATMENT,T PADMAVATHI,38,Female,75,DAIRY FARM LAL BIJAH,SOUTH ANDAMAN,PORT BLAIR,WARD NO 09,NEAR ANIDCO MILK PLANT,744103,ANDAMAN & NICOBAR ISLANDS,SOUTH ANDAMAN,PORT BLAIR,8900969533,Not Applicable,ANDAMAN & NICOBAR ISLANDS,SOUTH ANDAMAN,PORT BLAIR,UHC DAIRY FARM,PHI,8,TBU-ANSAN01,Non-Reactive,Non-diabetic,Other,,Clinically Diagnosed TB,No,10/10/20,ANDAMAN & NICOBAR ISLANDS,SOUTH ANDAMAN,PORT BLAIR,UHC DAIRY FARM,PHI,8,New,,Extra Pulmonary,Lymph Node,,,Yes                                               ,0,Yes                                               ,No,,,,,,
ANDAMAN & NICOBAR ISLANDS,SOUTH ANDAMAN,PORT BLAIR,G B PANT HOSPITAL,PHI,4,12/10/20,17/10/20,15637608,,15637608,DIAGNOSED_ON_TREATMENT,JAGDISH RAO,39,Male,50,BHATHU BASTI,PORT BLAIR,,,,744105,ANDAMAN & NICOBAR ISLANDS,SOUTH ANDAMAN,PORT BLAIR,9933240527,Not Applicable,ANDAMAN & NICOBAR ISLANDS,SOUTH ANDAMAN,PORT BLAIR,PHC GARACHARMA,PHI,1,TBU-ANSAN01,Non-Reactive,Non-diabetic,Microscopy ZN and Fluorescent,1170,Positive,Yes,12/10/20,ANDAMAN & NICOBAR ISLANDS,SOUTH ANDAMAN,PORT BLAIR,PHC GARACHARMA,PHI,1,New,,Pulmonary,,,,Yes                                               ,0,Yes                                               ,Yes,,,,,,
ANDAMAN & NICOBAR ISLANDS,SOUTH ANDAMAN,PORT BLAIR,G B PANT HOSPITAL,PHI,4,14/10/20,17/10/20,15637754,,15637754,DIAGNOSED_ON_TREATMENT,DHANALAXMI S,18,Female,40,"PANIGHAT, CHUNNBHATTA",PORT BLAIR,,,,744107,ANDAMAN & NICOBAR ISLANDS,SOUTH ANDAMAN,PORT BLAIR,9933281276,Not Applicable,ANDAMAN & NICOBAR ISLANDS,SOUTH ANDAMAN,FERRARGUNJ,CHC BAMBOOFLAT,PHI,1,TBU-ANSAN01,Non-Reactive,Non-diabetic,Microscopy ZN and Fluorescent,1176,Positive,Yes,15/10/20,ANDAMAN & NICOBAR ISLANDS,SOUTH ANDAMAN,FERRARGUNJ,CHC BAMBOOFLAT,PHI,1,New,,Pulmonary,,,,Yes                                               ,0,Yes                                               ,Yes,,,,,,
ANDAMAN & NICOBAR ISLANDS,SOUTH ANDAMAN,PORT BLAIR,G B PANT HOSPITAL,PHI,4,03/10/20,19/10/20,15646779,,15646779,DIAGNOSED_ON_TREATMENT,RITA KIRTONIA,31,Female,45,"Happy colony
Dollygunj, Port blair
South andaman",,Dollygunj,,Happy colony,744105,ANDAMAN & NICOBAR ISLANDS,SOUTH ANDAMAN,PORT BLAIR,8900962596,Not Applicable,ANDAMAN & NICOBAR ISLANDS,SOUTH ANDAMAN,PORT BLAIR,PHC GARACHARMA,PHI,1,TBU-ANSAN01,Non-Reactive,Non-diabetic,Other,,Clinically Diagnosed TB,No,05/10/20,ANDAMAN & NICOBAR ISLANDS,SOUTH ANDAMAN,PORT BLAIR,PHC GARACHARMA,PHI,1,New,,Extra Pulmonary,Lymph Node,,,Yes                                               ,0,No                                                ,Yes,,,,,,
ANDAMAN & NICOBAR ISLANDS,SOUTH ANDAMAN,PORT BLAIR,G B PANT HOSPITAL,PHI,4,14/10/20,19/10/20,15646995,,15646995,DIAGNOSED_ON_TREATMENT,VARTHIKA LALL,28,Female,54,NAYAGAON NEAR DURGA MANDIR,SOUTH ANDAMAN,PORT BLAIR,11,NEAR DURGA MANDIR,744101,ANDAMAN & NICOBAR ISLANDS,SOUTH ANDAMAN,PORT BLAIR,9566055731,Not Applicable,ANDAMAN & NICOBAR ISLANDS,SOUTH ANDAMAN,PORT BLAIR,G B PANT HOSPITAL,PHI,4,TBU-ANSAN01,Unknown,,Other,,Clinically Diagnosed TB,No,14/10/20,ANDAMAN & NICOBAR ISLANDS,SOUTH ANDAMAN,PORT BLAIR,G B PANT HOSPITAL,PHI,4,New,,Extra Pulmonary,Abdominal,,,No                                                ,0,Yes                                               ,No,,,,,,
ANDAMAN & NICOBAR ISLANDS,SOUTH ANDAMAN,PORT BLAIR,G B PANT HOSPITAL,PHI,4,17/10/20,19/10/20,15647293,,15647293,DIAGNOSED_ON_TREATMENT,ARYA ANAND,5,Female,16,SCHOOL LINE,SOUTH ANDAMAN,PORT BLAIR,14,NEAR DURGA POOJA PANDAL,744103,ANDAMAN & NICOBAR ISLANDS,SOUTH ANDAMAN,PORT BLAIR,9679557681,Contact of Known TB Patients,ANDAMAN & NICOBAR ISLANDS,SOUTH ANDAMAN,PORT BLAIR,G B PANT HOSPITAL,PHI,4,TBU-ANSAN01,Unknown,,Other,,Clinically Diagnosed TB,No,17/10/20,ANDAMAN & NICOBAR ISLANDS,SOUTH ANDAMAN,PORT BLAIR,G B PANT HOSPITAL,PHI,4,New,,Extra Pulmonary,Abdominal,,,Yes                                               ,0,Yes                                               ,No,,,,,,
ANDAMAN & NICOBAR ISLANDS,SOUTH ANDAMAN,PORT BLAIR,G B PANT HOSPITAL,PHI,4,13/10/20,19/10/20,15647885,,15647885,DIAGNOSED_ON_TREATMENT,PRAVEEN KUJUR,25,Male,53,"CHAKKARGAON, NEAR SHOPPING COMPLEX",SOUTH ANDAMAN,PORT BLAOR,17,NEAR SHOPPING,744112,ANDAMAN & NICOBAR ISLANDS,SOUTH ANDAMAN,PORT BLAIR,9679563656,"Contact of Known TB Patients,Tobacco",ANDAMAN & NICOBAR ISLANDS,SOUTH ANDAMAN,PORT BLAIR,G B PANT HOSPITAL,PHI,4,TBU-ANSAN01,Unknown,,Other,,Clinically Diagnosed TB,No,19/10/20,ANDAMAN & NICOBAR ISLANDS,SOUTH ANDAMAN,PORT BLAIR,G B PANT HOSPITAL,PHI,4,New,,Extra Pulmonary,TBM,,,Yes                                               ,0,Yes                                               ,No,,,,,,
ANDAMAN & NICOBAR ISLANDS,SOUTH ANDAMAN,PORT BLAIR,G B PANT HOSPITAL,PHI,4,14/10/20,19/10/20,15649724,,15649724,DIAGNOSED_ON_TREATMENT,SUBIRA BARLA,54,Female,40,CHAKKARGAON QTR NO. 42 TYPE II ,SOUTH ANDAMAN,PORT BLAIR,21,QTR NO 42 TYPE II,744112,ANDAMAN & NICOBAR ISLANDS,SOUTH ANDAMAN,PORT BLAIR,9531890349,Not Applicable,ANDAMAN & NICOBAR ISLANDS,SOUTH ANDAMAN,PORT BLAIR,UHC SHADIPUR,PHI,6,TBU-ANSAN01,Non-Reactive,Diabetic,Microscopy ZN and Fluorescent,1169,Positive,Yes,17/10/20,ANDAMAN & NICOBAR ISLANDS,SOUTH ANDAMAN,PORT BLAIR,UHC SHADIPUR,PHI,6,PMDT,MDR_SHORT,Pulmonary,,,,Yes                                               ,0,Yes                                               ,Yes,,,,,,
ANDAMAN & NICOBAR ISLANDS,NORTH & MIDDLE ANDAMAN,MAYABUNDER,"DR. R.P.HOSPITAL, MAYABUNDER",PHI,1,15/10/20,20/10/20,15661684,,15661684,DIAGNOSED_ON_TREATMENT,KALARA KIRO,50,Female,37,"NEAR AYYAPPA TEMPLE ,RESTCAMP ",MAYABUNDER,,RESTCAMP,NEAR AYYAPAA TEMPLE,744204,ANDAMAN & NICOBAR ISLANDS,NORTH & MIDDLE ANDAMAN,MAYABUNDER,9531834285,Tobacco,ANDAMAN & NICOBAR ISLANDS,NORTH & MIDDLE ANDAMAN,MAYABUNDER,PHC TUGAPUR,PHI,2,TBU-ANNMA01,Non-Reactive,Non-diabetic,Microscopy ZN and Fluorescent,93,Positive,Yes,17/10/20,ANDAMAN & NICOBAR ISLANDS,NORTH & MIDDLE ANDAMAN,MAYABUNDER,PHC TUGAPUR,PHI,2,New,,Pulmonary,,,,Yes                                               ,0,Yes                                               ,Yes,,,,,,
ANDAMAN & NICOBAR ISLANDS,SOUTH ANDAMAN,PORT BLAIR,G B PANT HOSPITAL,PHI,4,14/10/20,20/10/20,15663417,,15663417,DIAGNOSED_ON_TREATMENT,P CHANDNI PRIYS,19,Female,60,DAIRY FARM NEAR SHIV TEMPLE,SOUTH ANDAMAN,PORT BLAIR,WARD NO 15,NEAR SHIV TEMPLE,744103,ANDAMAN & NICOBAR ISLANDS,SOUTH ANDAMAN,PORT BLAIR,9434261416,Not Applicable,ANDAMAN & NICOBAR ISLANDS,SOUTH ANDAMAN,PORT BLAIR,G B PANT HOSPITAL,PHI,4,TBU-ANSAN01,Non-Reactive,Non-diabetic,Other,,Clinically Diagnosed TB,No,16/10/20,ANDAMAN & NICOBAR ISLANDS,SOUTH ANDAMAN,PORT BLAIR,G B PANT HOSPITAL,PHI,4,New,,Extra Pulmonary,Lymph Node,,,Yes                                               ,0,Yes                                               ,Yes,,,,,,
ANDAMAN & NICOBAR ISLANDS,NICOBARS,NICOBAR,BJR HOSPITAL,PHI,1,17/10/20,20/10/20,15669829,,15669829,DIAGNOSED_ON_TREATMENT,DANIEL AUGUSTINE,53,Male,66,"TUHET- HAKO SAINY
MALACCA VILLAGE
CAR NICOBAR",CAR NICOBAR,,MALACCA VILLAGE,NEAR MALACCA CHURCH,744301,ANDAMAN & NICOBAR ISLANDS,NICOBARS,NICOBAR,9474273504,Not Applicable,ANDAMAN & NICOBAR ISLANDS,NICOBARS,NICOBAR,BJR HOSPITAL,PHI,1,TBU-ANNCB01,Non-Reactive,Diabetic,Microscopy ZN and Fluorescent,307 A,Positive,Yes,17/10/20,ANDAMAN & NICOBAR ISLANDS,NICOBARS,NICOBAR,BJR HOSPITAL,PHI,1,New,,Pulmonary,,,,Yes                                               ,0,Yes                                               ,Yes,10/12/20,384-A,Negative,,,
ANDAMAN & NICOBAR ISLANDS,NICOBARS,NICOBAR,BJR HOSPITAL,PHI,1,21/10/20,22/10/20,15693936,,15693936,DIAGNOSED_ON_TREATMENT,SOLOMON BAPTISH,24,Male,60,"TUHET - OT-TO-ROOVO
ARONG VILLAGE
CAR NICOBAR",CAR NICOBAR,,ARONG VILLAGE,,744301,ANDAMAN & NICOBAR ISLANDS,NICOBARS,NICOBAR,9474261854,Contact of Known TB Patients,ANDAMAN & NICOBAR ISLANDS,NICOBARS,NICOBAR,BJR HOSPITAL,PHI,1,TBU-ANNCB01,Non-Reactive,Non-diabetic,CBNAAT,187BJRH20,"M.tb detected, Rif resistance not detected",Yes,22/10/20,ANDAMAN & NICOBAR ISLANDS,NICOBARS,NICOBAR,BJR HOSPITAL,PHI,1,New,,Pulmonary,,,,Yes                                               ,0,Yes                                               ,Yes,,,,,,
ANDAMAN & NICOBAR ISLANDS,NORTH & MIDDLE ANDAMAN,RANGAT,CHC RANGAT,PHI,1,23/10/20,22/10/20,15702157,,15702157,DIAGNOSED_ON_TREATMENT,SANDEEP BARLA,35,Male,40,"RAMPUR, RANGAT",RANGAT,,RAMPUR,FOREST CAMP,744205,ANDAMAN & NICOBAR ISLANDS,NORTH & MIDDLE ANDAMAN,RANGAT,8900937913,Tobacco,ANDAMAN & NICOBAR ISLANDS,NORTH & MIDDLE ANDAMAN,RANGAT,CHC RANGAT,PHI,1,TBU-ANNMA02,Non-Reactive,Non-diabetic,Microscopy ZN and Fluorescent,148,Positive,Yes,23/10/20,ANDAMAN & NICOBAR ISLANDS,NORTH & MIDDLE ANDAMAN,RANGAT,CHC RANGAT,PHI,1,New,,Pulmonary,,,,Yes                                               ,0,Yes                                               ,Yes,,,,,,
ANDAMAN & NICOBAR ISLANDS,SOUTH ANDAMAN,PORT BLAIR,G B PANT HOSPITAL,PHI,4,22/10/20,23/10/20,15713031,,15713031,DIAGNOSED_ON_TREATMENT,MEENA KUMARI,30,Female,45,"KADAMTALA, SHANTANU",N&M ANDAMAN,KADAMTALA,2,OPP TO APWD OFFICE,744101,ANDAMAN & NICOBAR ISLANDS,SOUTH ANDAMAN,PORT BLAIR,9531897146,Not Applicable,ANDAMAN & NICOBAR ISLANDS,SOUTH ANDAMAN,PORT BLAIR,G B PANT HOSPITAL,PHI,4,TBU-ANSAN01,Non-Reactive,Non-diabetic,Other,,Clinically Diagnosed TB,No,23/10/20,ANDAMAN & NICOBAR ISLANDS,NORTH & MIDDLE ANDAMAN,RANGAT,PHC KADAMTALA,PHI,2,New,,Extra Pulmonary,Lymph Node,,,No                                                ,0,Yes                                               ,No,,,,,,
ANDAMAN & NICOBAR ISLANDS,NICOBARS,NANCOWRIE,CHC NANCOWRIE,PHI,1,27/10/20,27/10/20,15740105,,15740105,DIAGNOSED_ON_TREATMENT,NEOMI NEOMI,36,Female,43,CHINGUM VILLAGE,CAMPBELL BAY,,CAMPBELL BAY,PRIMARY SCHOOL CHINGUM VILLAGE,744302,ANDAMAN & NICOBAR ISLANDS,NICOBARS,CAMPBELL BAY,9531824668,Not Applicable,ANDAMAN & NICOBAR ISLANDS,NICOBARS,CAMPBELL BAY,PHC CAMPBELL BAY,PHI,1,TBU-ANNCB02,Non-Reactive,Non-diabetic,Microscopy ZN and Fluorescent,37A,Positive,Yes,27/10/20,ANDAMAN & NICOBAR ISLANDS,NICOBARS,CAMPBELL BAY,PHC CAMPBELL BAY,PHI,1,Retreatment: Recurrent,,Pulmonary,,,,Yes                                               ,0,Yes                                               ,Yes,,,,,,
ANDAMAN & NICOBAR ISLANDS,SOUTH ANDAMAN,PORT BLAIR,G B PANT HOSPITAL,PHI,4,19/10/20,27/10/20,15742296,,15742296,DIAGNOSED_ON_TREATMENT,BRIJESH Tiwari,60,Male,65,SHADIPUR,PORT BLAIR,,11,NEAR AMRITA HOSPITAL ,744106,ANDAMAN & NICOBAR ISLANDS,SOUTH ANDAMAN,PORT BLAIR,9476039844,Not Applicable,ANDAMAN & NICOBAR ISLANDS,SOUTH ANDAMAN,PORT BLAIR,UHC SHADIPUR,PHI,6,TBU-ANSAN01,Unknown,,Microscopy ZN and Fluorescent,1186,Positive,Yes,28/10/20,ANDAMAN & NICOBAR ISLANDS,SOUTH ANDAMAN,PORT BLAIR,UHC SHADIPUR,PHI,6,New,,Pulmonary,,,,Yes                                               ,0,No                                                ,Yes,,,,,,
ANDAMAN & NICOBAR ISLANDS,NICOBARS,NICOBAR,BJR HOSPITAL,PHI,1,23/10/20,28/10/20,15750412,,15750412,DIAGNOSED_ON_TREATMENT,Polycarb Polycarb,24,Male,45,"72/B
ARONG VILLAGE
CARNICOBAR
A$N ISLANDS ",Carnicobar,,ARONG,Near sub health centre,744301,ANDAMAN & NICOBAR ISLANDS,NICOBARS,NICOBAR,9531966988,Contact of Known TB Patients,ANDAMAN & NICOBAR ISLANDS,NICOBARS,NICOBAR,BJR HOSPITAL,PHI,1,TBU-ANNCB01,Non-Reactive,Diabetic,CBNAAT,189BJRH,"M.tb detected, Rif resistance detected",Yes,24/10/20,ANDAMAN & NICOBAR ISLANDS,NICOBARS,NICOBAR,BJR HOSPITAL,PHI,1,PMDT,MDR_SHORT,Pulmonary,,,,Yes                                               ,0,No                                                ,Yes,,,,,,
ANDAMAN & NICOBAR ISLANDS,SOUTH ANDAMAN,PORT BLAIR,G B PANT HOSPITAL,PHI,4,20/10/20,28/10/20,15750659,,15750659,DIAGNOSED_ON_TREATMENT,AYAN SAHA,33,Male,50,GARACHARMA,PORT BLAIR,,,,744105,ANDAMAN & NICOBAR ISLANDS,SOUTH ANDAMAN,PORT BLAIR,9531996342,Not Applicable,ANDAMAN & NICOBAR ISLANDS,SOUTH ANDAMAN,PORT BLAIR,PHC GARACHARMA,PHI,1,TBU-ANSAN01,Unknown,,Microscopy ZN and Fluorescent,1193,Positive,Yes,28/10/20,ANDAMAN & NICOBAR ISLANDS,SOUTH ANDAMAN,PORT BLAIR,PHC GARACHARMA,PHI,1,New,,Pulmonary,,,,Yes                                               ,0,No                                                ,Yes,,,,,,
ANDAMAN & NICOBAR ISLANDS,SOUTH ANDAMAN,PORT BLAIR,G B PANT HOSPITAL,PHI,4,22/10/20,29/10/20,15771793,,15771793,DIAGNOSED_ON_TREATMENT,NIMAY MAJHI,44,Male,70,NEAR VETNARY MEDICAL HERBERTBAD POST TUSHNABAD,FERRARGUNJ,,HERBERTBAD,NEAR TO VETNARY MEDICAL,744103,ANDAMAN & NICOBAR ISLANDS,SOUTH ANDAMAN,FERRARGUNJ,9679591144,Other,ANDAMAN & NICOBAR ISLANDS,SOUTH ANDAMAN,FERRARGUNJ,PHC TUSHNABAD,PHI,5,TBU-ANSAN02,Non-Reactive,Diabetic,Chest X Ray,,Clinically Diagnosed TB,No,22/10/20,ANDAMAN & NICOBAR ISLANDS,SOUTH ANDAMAN,FERRARGUNJ,PHC TUSHNABAD,PHI,5,New,,Pulmonary,,,,Yes                                               ,0,Yes                                               ,Yes,,,,,,
ANDAMAN & NICOBAR ISLANDS,SOUTH ANDAMAN,PORT BLAIR,G B PANT HOSPITAL,PHI,4,05/10/20,29/10/20,15772371,,15772371,DIAGNOSED_ON_TREATMENT,SHIVANATH BARAIK,45,Male,75,PREAM NAGAR NEAR BCK SIDE OF ALL INDIA RADIO,PORT BLAIR,,PREAM NAGAR,NEAR ALL INDIA RADIO,744102,ANDAMAN & NICOBAR ISLANDS,SOUTH ANDAMAN,FERRARGUNJ,7063969611,Other,ANDAMAN & NICOBAR ISLANDS,SOUTH ANDAMAN,PORT BLAIR,UHC DELANIPUR,PHI,9,TBU-ANSAN02,Non-Reactive,Non-diabetic,CBNAAT,235GBP20,"M.tb detected, Rif resistance detected",Yes,28/10/20,ANDAMAN & NICOBAR ISLANDS,SOUTH ANDAMAN,PORT BLAIR,UHC DELANIPUR,PHI,9,PMDT,MDR_SHORT,Pulmonary,,,,Yes                                               ,0,Yes                                               ,Yes,,,,,,
ANDAMAN & NICOBAR ISLANDS,NICOBARS,NICOBAR,BJR HOSPITAL,PHI,1,28/10/20,31/10/20,15799040,,15799040,DIAGNOSED_ON_TREATMENT,GRACE LESLIE,60,Female,71,"TUHET- NANG KUMIT
KINYUKA VILLAGE
CAR NICOBAR",CAR NICOBAR,,KINYUKA VILLAGE,NEAR FIRE STATION,744301,ANDAMAN & NICOBAR ISLANDS,NICOBARS,NICOBAR,9531942106,Not Applicable,ANDAMAN & NICOBAR ISLANDS,NICOBARS,NICOBAR,BJR HOSPITAL,PHI,1,TBU-ANNCB01,Non-Reactive,,CBNAAT,199BJRH2020,"M.tb detected, Rif resistance not detected",Yes,30/10/20,ANDAMAN & NICOBAR ISLANDS,NICOBARS,NICOBAR,BJR HOSPITAL,PHI,1,New,,Pulmonary,,,,Yes                                               ,0,Yes                                               ,Yes,,,,,,
ANDAMAN & NICOBAR ISLANDS,NORTH & MIDDLE ANDAMAN,MAYABUNDER,"DR. R.P.HOSPITAL, MAYABUNDER",PHI,1,26/10/20,02/11/20,15808540,,15808540,DIAGNOSED_ON_TREATMENT,RAKESH KERKETTA,46,Male,48,"NEAR VETNARY ,RAMPUR ,NORTH AND MIDDLE",MAYABUNDER,,RAMPUR,NEAR VETNARY,744204,ANDAMAN & NICOBAR ISLANDS,NORTH & MIDDLE ANDAMAN,MAYABUNDER,9474287168,Tobacco,ANDAMAN & NICOBAR ISLANDS,NORTH & MIDDLE ANDAMAN,MAYABUNDER,"DR. R.P.HOSPITAL, MAYABUNDER",PHI,1,TBU-ANNMA01,Non-Reactive,Non-diabetic,Microscopy ZN and Fluorescent,96,Positive,Yes,30/10/20,ANDAMAN & NICOBAR ISLANDS,NORTH & MIDDLE ANDAMAN,MAYABUNDER,"DR. R.P.HOSPITAL, MAYABUNDER",PHI,1,New,,Pulmonary,,,,Yes                                               ,0,Yes                                               ,Yes,,,,,,
ANDAMAN & NICOBAR ISLANDS,NORTH & MIDDLE ANDAMAN,DIGLIPUR,CHC DIGLIPUR,PHI,1,29/10/20,02/11/20,15809560,,15809560,DIAGNOSED_ON_TREATMENT,RAMESH CH ADHIKARI,70,Male,42,"KISHORINAGAR
",DIGLIPUR,,3,TALBAGAN ROAD,744202,ANDAMAN & NICOBAR ISLANDS,NORTH & MIDDLE ANDAMAN,DIGLIPUR,9531858752,Other,ANDAMAN & NICOBAR ISLANDS,NORTH & MIDDLE ANDAMAN,DIGLIPUR,PHC KISHORIE NAGAR,PHI,4,TBU-ANNMA03,Non-Reactive,Non-diabetic,Other,,Clinically Diagnosed TB,No,29/10/20,ANDAMAN & NICOBAR ISLANDS,NORTH & MIDDLE ANDAMAN,DIGLIPUR,PHC KISHORIE NAGAR,PHI,4,New,,Extra Pulmonary,Other,,,Yes                                               ,0,Yes                                               ,No,,,,,,
ANDAMAN & NICOBAR ISLANDS,SOUTH ANDAMAN,PORT BLAIR,G B PANT HOSPITAL,PHI,4,17/11/20,18/11/20,16000334,,5949218,DIAGNOSED_OUTCOME_ASSIGNED,ESWAR RAO,55,Male,45,"AK STREET, ANARKALI BASTI",SOUTH ANDAMAN,,DELANIPUR,AK STREET,744101,ANDAMAN & NICOBAR ISLANDS,SOUTH ANDAMAN,PORT BLAIR,9679554721,Other,ANDAMAN & NICOBAR ISLANDS,SOUTH ANDAMAN,PORT BLAIR,UHC DELANIPUR,PHI,9,TBU-ANSAN01,Non-Reactive,Non-diabetic,CBNAAT,373GBP20,"M.tb detected, Rif resistance detected",Yes,18/11/20,ANDAMAN & NICOBAR ISLANDS,SOUTH ANDAMAN,PORT BLAIR,UHC DELANIPUR,PHI,9,PMDT,MDR_SHORT,Pulmonary,,DIED,03/01/21,Yes                                               ,0,No                                                ,Yes,,,,,,
ANDAMAN & NICOBAR ISLANDS,NICOBARS,NICOBAR,BJR HOSPITAL,PHI,1,13/11/20,20/11/20,16037842,,11057552,DIAGNOSED_ON_TREATMENT,SAMUEL ANDREW,56,Male,54,"TUHET - LONGPENRE
TAPOIMING VILLAGE
CAR NICOBAR ",CAR NICOBAR,,TAPOIMING,,744301,ANDAMAN & NICOBAR ISLANDS,NICOBARS,NICOBAR,8900930650,Not Applicable,ANDAMAN & NICOBAR ISLANDS,NICOBARS,NICOBAR,BJR HOSPITAL,PHI,1,TBU-ANNCB01,Non-Reactive,Diabetic,Microscopy ZN and Fluorescent,329 A,Positive,Yes,13/11/20,ANDAMAN & NICOBAR ISLANDS,NICOBARS,NICOBAR,BJR HOSPITAL,PHI,1,Retreatment: Others,,Pulmonary,,,,Yes                                               ,0,Yes                                               ,Yes,,,,,,
ANDAMAN & NICOBAR ISLANDS,SOUTH ANDAMAN,PORT BLAIR,G B PANT HOSPITAL,PHI,4,27/10/20,02/11/20,15811912,,15811912,DIAGNOSED_ON_TREATMENT,M PALANI SWAMY,35,Male,48,PROTHRAPUR,PORT BLAIR,Port Blair,,NEAR PROTHRAPUR,744105,ANDAMAN & NICOBAR ISLANDS,SOUTH ANDAMAN,PORT BLAIR,9474258515,Other,ANDAMAN & NICOBAR ISLANDS,SOUTH ANDAMAN,PORT BLAIR,PHC GARACHARMA,PHI,1,TBU-ANSAN01,Non-Reactive,Non-diabetic,Microscopy ZN and Fluorescent,1215,Positive,Yes,30/10/20,ANDAMAN & NICOBAR ISLANDS,SOUTH ANDAMAN,PORT BLAIR,PHC GARACHARMA,PHI,1,New,,Pulmonary,,,,Yes                                               ,0,Yes                                               ,Yes,,,,,,
ANDAMAN & NICOBAR ISLANDS,SOUTH ANDAMAN,PORT BLAIR,G B PANT HOSPITAL,PHI,4,27/10/20,02/11/20,15815604,,15815604,DIAGNOSED_ON_TREATMENT,REENA DE,45,Female,48,"DAG COLONY, NEAR KV-1 SCHOOL",PORT BLAIR,,6,NEAR KV-1 SCHOOL,744101,ANDAMAN & NICOBAR ISLANDS,SOUTH ANDAMAN,PORT BLAIR,9474275619,Not Applicable,ANDAMAN & NICOBAR ISLANDS,SOUTH ANDAMAN,PORT BLAIR,G B PANT HOSPITAL,PHI,4,TBU-ANSAN01,Non-Reactive,Diabetic,Microscopy ZN and Fluorescent,1220,Positive,Yes,28/10/20,ANDAMAN & NICOBAR ISLANDS,SOUTH ANDAMAN,PORT BLAIR,G B PANT HOSPITAL,PHI,4,New,,Pulmonary,,,,Yes                                               ,0,Yes                                               ,Yes,,,,,,
ANDAMAN & NICOBAR ISLANDS,SOUTH ANDAMAN,PORT BLAIR,G B PANT HOSPITAL,PHI,4,28/10/20,03/11/20,15822524,,15822524,DIAGNOSED_ON_TREATMENT,FULMALA BEPARI,60,Female,28,"JANAK PUR, RANGAT",RANGAT,,,JANAK PUR,744205,ANDAMAN & NICOBAR ISLANDS,SOUTH ANDAMAN,PORT BLAIR,9434266471,Not Applicable,ANDAMAN & NICOBAR ISLANDS,NORTH & MIDDLE ANDAMAN,RANGAT,CHC RANGAT,PHI,1,TBU-ANSAN01,Non-Reactive,Non-diabetic,Microscopy ZN and Fluorescent,1221,Positive,Yes,02/11/20,ANDAMAN & NICOBAR ISLANDS,NORTH & MIDDLE ANDAMAN,RANGAT,CHC RANGAT,PHI,1,New,,Pulmonary,,,,Yes                                               ,0,Yes                                               ,Yes,,,,,,
ANDAMAN & NICOBAR ISLANDS,SOUTH ANDAMAN,PORT BLAIR,G B PANT HOSPITAL,PHI,4,09/10/20,03/11/20,15825168,,15825168,DIAGNOSED_ON_TREATMENT,B MOHIT  KUMAR,11,Male,50,"T. KAMRAJ BARBAR SHOP
HADDO",PORT BLAIR,,2,NEAR KAMRAJ BARBAR,744102,ANDAMAN & NICOBAR ISLANDS,SOUTH ANDAMAN,PORT BLAIR,9474230965,Not Applicable,ANDAMAN & NICOBAR ISLANDS,SOUTH ANDAMAN,PORT BLAIR,UHC HADDO,PHI,10,TBU-ANSAN01,Non-Reactive,Non-diabetic,Other,,Clinically Diagnosed TB,No,10/10/20,ANDAMAN & NICOBAR ISLANDS,SOUTH ANDAMAN,PORT BLAIR,UHC HADDO,PHI,10,New,,Extra Pulmonary,Other,,,Yes                                               ,0,Yes                                               ,No,,,,,,
ANDAMAN & NICOBAR ISLANDS,NICOBARS,NICOBAR,BJR HOSPITAL,PHI,1,02/11/20,03/11/20,15826868,,15826868,DIAGNOSED_ON_TREATMENT,FESTUS JACK,30,Male,65,"TUHET - DORISH
KINYUKA VILLAGE
CAR NICOBAR",CAR NICOBAR,,KINYUKA VILLAGE,,744301,ANDAMAN & NICOBAR ISLANDS,NICOBARS,NICOBAR,9476045698,Contact of Known TB Patients,ANDAMAN & NICOBAR ISLANDS,NICOBARS,NICOBAR,BJR HOSPITAL,PHI,1,TBU-ANNCB01,Non-Reactive,,CBNAAT,324BJRH20,"M.tb detected, Rif resistance not detected",Yes,03/11/20,ANDAMAN & NICOBAR ISLANDS,NICOBARS,NICOBAR,BJR HOSPITAL,PHI,1,Retreatment: Recurrent,,Pulmonary,,,,Yes                                               ,0,Yes                                               ,Yes,29/12/20,427 A,Negative,,,
ANDAMAN & NICOBAR ISLANDS,NICOBARS,NICOBAR,BJR HOSPITAL,PHI,1,30/10/20,04/11/20,15836254,,15836254,DIAGNOSED_ON_TREATMENT,Rizpa Rizpa,14,Female,37,"22A
ARONG VILLAGE 
CARNICOBAR",Nicobar,,Arong,,744301,ANDAMAN & NICOBAR ISLANDS,NICOBARS,NICOBAR,9476013264,Other,ANDAMAN & NICOBAR ISLANDS,NICOBARS,NICOBAR,BJR HOSPITAL,PHI,1,DTO-ANNCB,Non-Reactive,Non-diabetic,CBNAAT,309 BJRH20,"M.tb detected, Rif resistance detected",Yes,03/11/20,ANDAMAN & NICOBAR ISLANDS,NICOBARS,NICOBAR,BJR HOSPITAL,PHI,1,PMDT,MDR_SHORT,Pulmonary,,,,Yes                                               ,0,No                                                ,Yes,,,,,,
ANDAMAN & NICOBAR ISLANDS,NORTH & MIDDLE ANDAMAN,MAYABUNDER,PHC BILLIGROUND,PHI,3,03/10/20,04/11/20,15836766,,15836766,DIAGNOSED_ON_TREATMENT,SUNIL EKKA,41,Male,40,"RESTCAMP,NORTH AND MIDDLE ANDAMAN",MAYABUNDER,,RESTCAMP,,744204,ANDAMAN & NICOBAR ISLANDS,NORTH & MIDDLE ANDAMAN,MAYABUNDER,9531972024,Tobacco,ANDAMAN & NICOBAR ISLANDS,NORTH & MIDDLE ANDAMAN,MAYABUNDER,PHC TUGAPUR,PHI,2,TBU-ANNMA01,Non-Reactive,Non-diabetic,Other,,Clinically Diagnosed TB,No,03/10/20,ANDAMAN & NICOBAR ISLANDS,NORTH & MIDDLE ANDAMAN,MAYABUNDER,PHC TUGAPUR,PHI,2,New,,Extra Pulmonary,Lymph Node,,,Yes                                               ,0,Yes                                               ,No,,,,,,
ANDAMAN & NICOBAR ISLANDS,SOUTH ANDAMAN,PORT BLAIR,G B PANT HOSPITAL,PHI,4,06/10/20,04/11/20,15837665,,15837665,DIAGNOSED_ON_TREATMENT,R  CHANDRAN,44,Male,67,"NEAR MURGAN TEMPLE ,GARACHARMA,PORT BLAIR,SOUTH ANDAMAN,A & N ISLANDS",SOUTH ANDAMAN,,GARACHARMA,NEAR MURGUN TEMPLE,744105,ANDAMAN & NICOBAR ISLANDS,SOUTH ANDAMAN,PORT BLAIR,9474247745,Not Applicable,ANDAMAN & NICOBAR ISLANDS,SOUTH ANDAMAN,PORT BLAIR,PHC GARACHARMA,PHI,1,TBU-ANSAN01,Unknown,,Other,,Clinically Diagnosed TB,No,08/10/20,ANDAMAN & NICOBAR ISLANDS,SOUTH ANDAMAN,PORT BLAIR,PHC GARACHARMA,PHI,1,New,,Extra Pulmonary,Other,,,Yes                                               ,0,Yes                                               ,Yes,11/12/20,1387,Negative,,,
ANDAMAN & NICOBAR ISLANDS,SOUTH ANDAMAN,PORT BLAIR,G B PANT HOSPITAL,PHI,4,30/10/20,04/11/20,15839548,,15839548,DIAGNOSED_OUTCOME_ASSIGNED,SUBRAMANIAM SUBRAMANIAM,50,Male,45,MACHI LINE NEAR MAJID,PORT BLAIR,,MACHI LINE,NEAR MAJID,744106,ANDAMAN & NICOBAR ISLANDS,SOUTH ANDAMAN,PORT BLAIR,9933284886,Diabetes,ANDAMAN & NICOBAR ISLANDS,SOUTH ANDAMAN,PORT BLAIR,UHC SHADIPUR,PHI,6,TBU-ANSAN01,Non-Reactive,Diabetic,CBNAAT,326GBP20,"M.tb detected, Rif resistance detected",Yes,04/11/20,ANDAMAN & NICOBAR ISLANDS,SOUTH ANDAMAN,PORT BLAIR,UHC SHADIPUR,PHI,6,PMDT,MDR_SHORT,Pulmonary,,DIED,07/12/20,Yes                                               ,0,Yes                                               ,Yes,,,,,,
ANDAMAN & NICOBAR ISLANDS,NICOBARS,NICOBAR,BJR HOSPITAL,PHI,1,30/10/20,05/11/20,15852925,,15852925,DIAGNOSED_ON_TREATMENT,ASER RAM,56,Male,49,"TUHET - HONGKO
SAWAI VILLAGE
CAR NICOBAR
",CAR NICOBAR,,SAWAI VILLAGE,,744301,ANDAMAN & NICOBAR ISLANDS,NICOBARS,NICOBAR,9531950730,Not Applicable,ANDAMAN & NICOBAR ISLANDS,NICOBARS,NICOBAR,BJR HOSPITAL,PHI,1,TBU-ANNCB01,Non-Reactive,,CBNAAT,312BJRH2020,"M.tb detected, Rif resistance not detected",Yes,03/11/20,ANDAMAN & NICOBAR ISLANDS,NICOBARS,NICOBAR,BJR HOSPITAL,PHI,1,New,,Pulmonary,,,,Yes                                               ,0,Yes                                               ,Yes,,,,,,
ANDAMAN & NICOBAR ISLANDS,NICOBARS,NICOBAR,BJR HOSPITAL,PHI,1,03/11/20,05/11/20,15853880,,15853880,DIAGNOSED_ON_TREATMENT,ZEPPORAH MANOUAH,38,Female,45,"TUHET - HAYIOLNGO
KINMAI VILLAGE
CAR NICOBAR",CAR NICOBAR,,KINMAI VILLAGE,,744301,ANDAMAN & NICOBAR ISLANDS,NICOBARS,NICOBAR,9531983171,Contact of Known TB Patients,ANDAMAN & NICOBAR ISLANDS,NICOBARS,NICOBAR,BJR HOSPITAL,PHI,1,TBU-ANNCB01,Non-Reactive,Non-diabetic,CBNAAT,327BJRH2020,"M.tb detected, Rif resistance not detected",Yes,04/11/20,ANDAMAN & NICOBAR ISLANDS,NICOBARS,NICOBAR,BJR HOSPITAL,PHI,1,New,,Pulmonary,,,,Yes                                               ,0,Yes                                               ,Yes,28/12/20,428 A,Negative,,,
ANDAMAN & NICOBAR ISLANDS,SOUTH ANDAMAN,PORT BLAIR,G B PANT HOSPITAL,PHI,4,30/10/20,07/11/20,15888212,,15888212,DIAGNOSED_ON_TREATMENT,SAIDA  BANU,54,Female,55,DIGNABAD SEA SHORE ROAD ,PORT BLAIR ,,DIGNABAD SEA SHORE ROAD ,SEA SHORE ROAD ,744101,ANDAMAN & NICOBAR ISLANDS,SOUTH ANDAMAN,PORT BLAIR,9933298881,Not Applicable,ANDAMAN & NICOBAR ISLANDS,SOUTH ANDAMAN,PORT BLAIR,G B PANT HOSPITAL,PHI,4,TBU-ANSAN01,Non-Reactive,Non-diabetic,Microscopy ZN and Fluorescent,1229,Positive,Yes,02/11/20,ANDAMAN & NICOBAR ISLANDS,SOUTH ANDAMAN,PORT BLAIR,G B PANT HOSPITAL,PHI,4,New,,Pulmonary,,,,Yes                                               ,0,Yes                                               ,No,,,,,,
ANDAMAN & NICOBAR ISLANDS,SOUTH ANDAMAN,PORT BLAIR,G B PANT HOSPITAL,PHI,4,03/11/20,07/11/20,15888581,,15888581,DIAGNOSED_ON_TREATMENT,JAYA LAXMI,36,Female,40,"DIGNABAD, NEAR SCHOOL ",PORT BLAIR ,,"DIGNABAD, NEAR SCHOOL ","DIGNABAD, NEAR SCHOOL ",744101,ANDAMAN & NICOBAR ISLANDS,SOUTH ANDAMAN,PORT BLAIR,9933723096,Not Applicable,ANDAMAN & NICOBAR ISLANDS,SOUTH ANDAMAN,PORT BLAIR,G B PANT HOSPITAL,PHI,4,TBU-ANSAN01,Non-Reactive,Diabetic,Microscopy ZN and Fluorescent,1241,Positive,Yes,03/11/20,ANDAMAN & NICOBAR ISLANDS,SOUTH ANDAMAN,PORT BLAIR,G B PANT HOSPITAL,PHI,4,New,,Pulmonary,,,,Yes                                               ,0,Yes                                               ,Yes,,,,,,
ANDAMAN & NICOBAR ISLANDS,SOUTH ANDAMAN,PORT BLAIR,G B PANT HOSPITAL,PHI,4,02/11/20,07/11/20,15888845,,15888845,DIAGNOSED_ON_TREATMENT,SUSHIL BAIDYA,77,Male,49,"R.K.PUR ,L/ANDAMAN ",,,"R.K.PUR ,L/ANDAMAN ","R.K.PUR ,L/ANDAMAN ",744207,ANDAMAN & NICOBAR ISLANDS,SOUTH ANDAMAN,PORT BLAIR,9434267934,Not Applicable,ANDAMAN & NICOBAR ISLANDS,SOUTH ANDAMAN,PORT BLAIR,G B PANT HOSPITAL,PHI,4,TBU-ANSAN01,Non-Reactive,Non-diabetic,Microscopy ZN and Fluorescent,1236,Positive,Yes,20/11/20,ANDAMAN & NICOBAR ISLANDS,SOUTH ANDAMAN,LITTLE ANDAMAN,PHC R.K PUR,PHI,2,New,,Pulmonary,,,,No                                                ,0,Yes                                               ,Yes,,,,,,
ANDAMAN & NICOBAR ISLANDS,NORTH & MIDDLE ANDAMAN,MAYABUNDER,"DR. R.P.HOSPITAL, MAYABUNDER",PHI,1,09/11/20,10/11/20,15920829,,15920829,DIAGNOSED_ON_TREATMENT,INDER SAIRAM,45,Male,44,"LALTIKERY ,TUGAPUR, NORTH AND MIDDLE ANDAMAN",MAYABUNDER,,LALTIKERY,,744204,ANDAMAN & NICOBAR ISLANDS,NORTH & MIDDLE ANDAMAN,MAYABUNDER,9531891346,Tobacco,ANDAMAN & NICOBAR ISLANDS,NORTH & MIDDLE ANDAMAN,MAYABUNDER,PHC TUGAPUR,PHI,2,TBU-ANNMA01,Non-Reactive,Non-diabetic,CBNAAT,125 RPH,"M.tb detected, Rif resistance not detected",Yes,10/11/20,ANDAMAN & NICOBAR ISLANDS,NORTH & MIDDLE ANDAMAN,MAYABUNDER,PHC TUGAPUR,PHI,2,New,,Pulmonary,,,,No                                                ,0,Yes                                               ,Yes,,,,,,
ANDAMAN & NICOBAR ISLANDS,NICOBARS,NICOBAR,BJR HOSPITAL,PHI,1,05/11/20,11/11/20,15934720,,15934720,DIAGNOSED_ON_TREATMENT,PERPETUA  STEPHEN,46,Male,49,"TUHET- NYEKTA, TAPOIMING VILLAGE, CAR NICOBAR - 744301",CAR NICOBAR,,TAPOIMING VILLAGE,,744301,ANDAMAN & NICOBAR ISLANDS,NICOBARS,NICOBAR,9434276695,Not Applicable,ANDAMAN & NICOBAR ISLANDS,NICOBARS,NICOBAR,BJR HOSPITAL,PHI,1,TBU-ANNCB01,Non-Reactive,Non-diabetic,CBNAAT,333 BJRH 20,"M.tb detected, Rif resistance not detected",Yes,06/11/20,ANDAMAN & NICOBAR ISLANDS,NICOBARS,NICOBAR,BJR HOSPITAL,PHI,1,New,,Pulmonary,,,,Yes                                               ,0,Yes                                               ,Yes,,,,,,
ANDAMAN & NICOBAR ISLANDS,NICOBARS,NICOBAR,BJR HOSPITAL,PHI,1,08/11/20,11/11/20,15935717,,15935717,DIAGNOSED_ON_TREATMENT,SIMON LUCAS,57,Male,41,"TUHET- OTVANI, PERKA VILLAGE, CAR NICOBAR - 744301",CAR NICOBAR,,PERKA VILLAGE,,744301,ANDAMAN & NICOBAR ISLANDS,NICOBARS,NICOBAR,9531966735,Not Applicable,ANDAMAN & NICOBAR ISLANDS,NICOBARS,NICOBAR,BJR HOSPITAL,PHI,1,TBU-ANNCB01,Unknown,,CBNAAT,347 BJRH 20,"M.tb detected, Rif resistance not detected",Yes,10/11/20,ANDAMAN & NICOBAR ISLANDS,NICOBARS,NICOBAR,BJR HOSPITAL,PHI,1,New,,Pulmonary,,,,Yes                                               ,0,No                                                ,Yes,,,,,,
ANDAMAN & NICOBAR ISLANDS,NICOBARS,NICOBAR,BJR HOSPITAL,PHI,1,10/11/20,11/11/20,15936639,,15936639,DIAGNOSED_ON_TREATMENT,ROSHNIE ANTHONY,6,Female,20,"TUHET- ELUHUM, KINMAI VILLAGE, CAR NICOBAR - 744301",CAR NICOBAR,,KINMAI VILLAGE,,744301,ANDAMAN & NICOBAR ISLANDS,NICOBARS,NICOBAR,9476025294,Not Applicable,ANDAMAN & NICOBAR ISLANDS,NICOBARS,NICOBAR,BJR HOSPITAL,PHI,1,TBU-ANNCB01,Non-Reactive,Non-diabetic,Chest X Ray,,Clinically Diagnosed TB,No,10/11/20,ANDAMAN & NICOBAR ISLANDS,NICOBARS,NICOBAR,BJR HOSPITAL,PHI,1,New,,Extra Pulmonary,Pleural,,,Yes                                               ,0,Yes                                               ,No,,,,,,
ANDAMAN & NICOBAR ISLANDS,SOUTH ANDAMAN,PORT BLAIR,G B PANT HOSPITAL,PHI,4,06/11/20,17/11/20,15983494,,15983494,DIAGNOSED_ON_TREATMENT,G RAMA KRISHNA,38,Male,44,SHADIPUR,PORT BLAIR,,11,,744106,ANDAMAN & NICOBAR ISLANDS,SOUTH ANDAMAN,PORT BLAIR,9933290189,Not Applicable,ANDAMAN & NICOBAR ISLANDS,SOUTH ANDAMAN,PORT BLAIR,UHC SHADIPUR,PHI,6,TBU-ANSAN01,Non-Reactive,Diabetic,Microscopy ZN and Fluorescent,1252,Positive,Yes,17/11/20,ANDAMAN & NICOBAR ISLANDS,SOUTH ANDAMAN,PORT BLAIR,UHC SHADIPUR,PHI,6,New,,Pulmonary,,,,Yes                                               ,0,Yes                                               ,Yes,,,,,,
ANDAMAN & NICOBAR ISLANDS,SOUTH ANDAMAN,PORT BLAIR,G B PANT HOSPITAL,PHI,4,05/11/20,17/11/20,15985579,,15985579,DIAGNOSED_ON_TREATMENT,NICOLAS KUJUR,40,Male,33,SHORE POINT,,,,,744107,ANDAMAN & NICOBAR ISLANDS,SOUTH ANDAMAN,PORT BLAIR,8900956830,Not Applicable,ANDAMAN & NICOBAR ISLANDS,SOUTH ANDAMAN,FERRARGUNJ,CHC BAMBOOFLAT,PHI,1,TBU-ANSAN01,Non-Reactive,Diabetic,CBNAAT,339GBP20,"M.tb detected, Rif resistance not detected",Yes,14/12/20,ANDAMAN & NICOBAR ISLANDS,SOUTH ANDAMAN,FERRARGUNJ,CHC BAMBOOFLAT,PHI,1,New,,Pulmonary,,,,Yes                                               ,0,Yes                                               ,Yes,,,,,,
ANDAMAN & NICOBAR ISLANDS,SOUTH ANDAMAN,PORT BLAIR,G B PANT HOSPITAL,PHI,4,07/11/20,17/11/20,15985780,,15985780,DIAGNOSED_ON_TREATMENT,ANKIT BARWA,17,Male,50,KALAPATHAR,,,,NEAR VEHICLE GARAGE,744107,ANDAMAN & NICOBAR ISLANDS,SOUTH ANDAMAN,PORT BLAIR,9476032752,Not Applicable,ANDAMAN & NICOBAR ISLANDS,SOUTH ANDAMAN,FERRARGUNJ,PHC FERRARGUNJ,PHI,3,TBU-ANSAN01,Non-Reactive,Non-diabetic,CBNAAT,349GBP20,"M.tb detected, Rif resistance not detected",Yes,10/11/20,ANDAMAN & NICOBAR ISLANDS,SOUTH ANDAMAN,FERRARGUNJ,PHC FERRARGUNJ,PHI,3,New,,Pulmonary,,,,Yes                                               ,0,Yes                                               ,Yes,,,,,,
ANDAMAN & NICOBAR ISLANDS,SOUTH ANDAMAN,PORT BLAIR,G B PANT HOSPITAL,PHI,4,06/11/20,17/11/20,15986026,,15986026,DIAGNOSED_ON_TREATMENT,G DAINAYA,49,Male,42,HADDO,PORT BLAIR,,2,NEAR THIRUPATHI TEMPLE,744102,ANDAMAN & NICOBAR ISLANDS,SOUTH ANDAMAN,PORT BLAIR,9933223576,Not Applicable,ANDAMAN & NICOBAR ISLANDS,SOUTH ANDAMAN,PORT BLAIR,UHC HADDO,PHI,10,TBU-ANSAN01,Non-Reactive,Diabetic,Microscopy ZN and Fluorescent,1256,Positive,Yes,09/11/20,ANDAMAN & NICOBAR ISLANDS,SOUTH ANDAMAN,PORT BLAIR,UHC HADDO,PHI,10,New,,Pulmonary,,,,Yes                                               ,0,Yes                                               ,Yes,,,,,,
ANDAMAN & NICOBAR ISLANDS,SOUTH ANDAMAN,PORT BLAIR,G B PANT HOSPITAL,PHI,4,10/11/20,17/11/20,15986200,,15986200,DIAGNOSED_NOT_ON_TREATMENT,L CHITRAN,60,Male,,BATHU BASTI,PORT BLAIR,,GARACHARMA,NEAR CARI ROAD,744105,ANDAMAN & NICOBAR ISLANDS,SOUTH ANDAMAN,PORT BLAIR,9933262528,Not Applicable,ANDAMAN & NICOBAR ISLANDS,SOUTH ANDAMAN,PORT BLAIR,PHC GARACHARMA,PHI,1,TBU-ANSAN01,Unknown,,Microscopy ZN and Fluorescent,1269,Positive,Yes,,ANDAMAN & NICOBAR ISLANDS,SOUTH ANDAMAN,PORT BLAIR,PHC GARACHARMA,PHI,1,New,,,,,,No                                                ,0,No                                                ,Yes,,,,,,
ANDAMAN & NICOBAR ISLANDS,SOUTH ANDAMAN,PORT BLAIR,G B PANT HOSPITAL,PHI,4,10/11/20,17/11/20,15986434,,15986434,DIAGNOSED_ON_TREATMENT,BAIDYA NATH BISWAS,22,Male,54,ATTAM PAHAD,PORT BLAIR,,,,744105,ANDAMAN & NICOBAR ISLANDS,SOUTH ANDAMAN,PORT BLAIR,9531956245,Not Applicable,ANDAMAN & NICOBAR ISLANDS,SOUTH ANDAMAN,PORT BLAIR,PHC GARACHARMA,PHI,1,TBU-ANSAN01,Non-Reactive,Non-diabetic,Microscopy ZN and Fluorescent,1274,Positive,Yes,17/11/20,ANDAMAN & NICOBAR ISLANDS,SOUTH ANDAMAN,PORT BLAIR,PHC GARACHARMA,PHI,1,New,,Pulmonary,,,,Yes                                               ,0,No                                                ,No,,,,,,
ANDAMAN & NICOBAR ISLANDS,NICOBARS,CAMPBELL BAY,PHC CAMPBELL BAY,PHI,1,17/11/20,17/11/20,15993145,,15993145,DIAGNOSED_ON_TREATMENT,Renatus Jagjit,18,Male,65,RAJIV NAGAR,Campbell bay,,Rajiv Nagar,community hall,744302,ANDAMAN & NICOBAR ISLANDS,NICOBARS,CAMPBELL BAY,9476042269,Not Applicable,ANDAMAN & NICOBAR ISLANDS,NICOBARS,CAMPBELL BAY,PHC CAMPBELL BAY,PHI,1,TBU-ANNCB02,Non-Reactive,Non-diabetic,Microscopy ZN and Fluorescent,41A,Positive,Yes,17/11/20,ANDAMAN & NICOBAR ISLANDS,NICOBARS,CAMPBELL BAY,PHC CAMPBELL BAY,PHI,1,PMDT,MDR_SHORT,Pulmonary,,,,Yes                                               ,0,Yes                                               ,Yes,,,,,,
ANDAMAN & NICOBAR ISLANDS,SOUTH ANDAMAN,LITTLE ANDAMAN,PHC HUTBAY,PHI,1,30/10/20,18/11/20,16001237,,16001237,DIAGNOSED_ON_TREATMENT,N V Subha RAO,50,Male,41,"Kalinager, Hutbay, Little Andaman. ",South andaman,Kalinager,,Kalinager,744207,ANDAMAN & NICOBAR ISLANDS,SOUTH ANDAMAN,LITTLE ANDAMAN,9476099292,Not Applicable,ANDAMAN & NICOBAR ISLANDS,SOUTH ANDAMAN,LITTLE ANDAMAN,PHC HUTBAY,PHI,1,TBU-ANSAN03,Non-Reactive,,Microscopy ZN and Fluorescent,27,Positive,Yes,02/11/20,ANDAMAN & NICOBAR ISLANDS,SOUTH ANDAMAN,LITTLE ANDAMAN,PHC HUTBAY,PHI,1,New,,Pulmonary,,,,Yes                                               ,1,No                                                ,Yes,,,,,,
ANDAMAN & NICOBAR ISLANDS,SOUTH ANDAMAN,PORT BLAIR,G B PANT HOSPITAL,PHI,4,17/11/20,19/11/20,16015139,,16015139,DIAGNOSED_ON_TREATMENT,SARASWATHI SARASWATHI,20,Female,25,GUPTAPARA NEAR GANESH MANDIR,FERRARGUNJ,,GUPTAPARA,NEAR GANESH MANDIR,744105,ANDAMAN & NICOBAR ISLANDS,SOUTH ANDAMAN,FERRARGUNJ,9933224401,Other,ANDAMAN & NICOBAR ISLANDS,SOUTH ANDAMAN,FERRARGUNJ,PHC MANGLUTAN,PHI,4,TBU-ANSAN02,Non-Reactive,Non-diabetic,CBNAAT,370GBP20,"M.tb detected, Rif resistance detected",Yes,18/11/20,ANDAMAN & NICOBAR ISLANDS,SOUTH ANDAMAN,FERRARGUNJ,PHC MANGLUTAN,PHI,4,PMDT,Oral_Longer_MDR+/-FQ_SLI,Pulmonary,,,,Yes                                               ,0,Yes                                               ,Yes,,,,,,
ANDAMAN & NICOBAR ISLANDS,SOUTH ANDAMAN,PORT BLAIR,G B PANT HOSPITAL,PHI,4,09/11/20,19/11/20,16017221,,16017221,DIAGNOSED_ON_TREATMENT,MANIK JOYDHAR,40,Male,69,HERBERTABAD,FERRARGUNJ,,,,744206,ANDAMAN & NICOBAR ISLANDS,SOUTH ANDAMAN,PORT BLAIR,9434291439,Not Applicable,ANDAMAN & NICOBAR ISLANDS,SOUTH ANDAMAN,FERRARGUNJ,PHC TUSHNABAD,PHI,5,TBU-ANSAN01,Unknown,Diabetic,CBNAAT,352GBP20,"M.tb detected, Rif resistance not detected",Yes,19/11/20,ANDAMAN & NICOBAR ISLANDS,SOUTH ANDAMAN,FERRARGUNJ,PHC TUSHNABAD,PHI,5,New,,Pulmonary,,,,Yes                                               ,0,Yes                                               ,Yes,,,,,,
ANDAMAN & NICOBAR ISLANDS,SOUTH ANDAMAN,PORT BLAIR,G B PANT HOSPITAL,PHI,4,17/11/20,19/11/20,16017567,,16017567,DIAGNOSED_ON_TREATMENT,BIPIN KISHORE DUNG DUNG,43,Male,37,MAYA BUNDER,NORTH AND MIDDLE ANDAMAN,,,,744204,ANDAMAN & NICOBAR ISLANDS,SOUTH ANDAMAN,PORT BLAIR,9679567221,Not Applicable,ANDAMAN & NICOBAR ISLANDS,NORTH & MIDDLE ANDAMAN,MAYABUNDER,"DR. R.P.HOSPITAL, MAYABUNDER",PHI,1,TBU-ANSAN01,Non-Reactive,Diabetic,Microscopy ZN and Fluorescent,1295,Positive,Yes,28/11/20,ANDAMAN & NICOBAR ISLANDS,NORTH & MIDDLE ANDAMAN,MAYABUNDER,"DR. R.P.HOSPITAL, MAYABUNDER",PHI,1,New,,Pulmonary,,,,Yes                                               ,0,Yes                                               ,Yes,,,,,,
ANDAMAN & NICOBAR ISLANDS,SOUTH ANDAMAN,PORT BLAIR,G B PANT HOSPITAL,PHI,4,12/11/20,19/11/20,16017799,,16017799,DIAGNOSED_ON_TREATMENT,D ANITA,34,Female,34,NAMUNAGHAR,FERRARGUNJ,,,NEAR ANGANWADI,744206,ANDAMAN & NICOBAR ISLANDS,SOUTH ANDAMAN,PORT BLAIR,9434297188,Not Applicable,ANDAMAN & NICOBAR ISLANDS,SOUTH ANDAMAN,FERRARGUNJ,PHC TUSHNABAD,PHI,5,TBU-ANSAN01,Non-Reactive,Non-diabetic,Microscopy ZN and Fluorescent,1281,Positive,Yes,12/11/20,ANDAMAN & NICOBAR ISLANDS,SOUTH ANDAMAN,FERRARGUNJ,PHC TUSHNABAD,PHI,5,New,,Pulmonary,,,,Yes                                               ,0,Yes                                               ,Yes,,,,,,
ANDAMAN & NICOBAR ISLANDS,NICOBARS,NICOBAR,BJR HOSPITAL,PHI,1,17/11/20,21/11/20,16046896,,16046896,DIAGNOSED_ON_TREATMENT,ELIAB SILAS,37,Male,36,"TUHET- HUTRAV
MUS VILLAGE
CAR NICOBAR
",CAR NICOBAR,,MUS VILLAGE,,744301,ANDAMAN & NICOBAR ISLANDS,NICOBARS,NICOBAR,9531881140,Not Applicable,ANDAMAN & NICOBAR ISLANDS,NICOBARS,NICOBAR,BJR HOSPITAL,PHI,1,TBU-ANNCB01,Non-Reactive,Non-diabetic,CBNAAT,386BJRH2020,"M.tb detected, Rif resistance not detected",Yes,20/11/20,ANDAMAN & NICOBAR ISLANDS,NICOBARS,NICOBAR,BJR HOSPITAL,PHI,1,New,,Pulmonary,,,,Yes                                               ,0,Yes                                               ,Yes,,,,,,
ANDAMAN & NICOBAR ISLANDS,NICOBARS,NICOBAR,BJR HOSPITAL,PHI,1,18/11/20,22/11/20,16053126,,16053126,DIAGNOSED_ON_TREATMENT,SUNITHA EMMANUEL,37,Female,45,"TUHET - HONGCHA
ARONG VILLAGE
CAR NICOBAR",CAR NICOBAR,,ARONG VILLAGE,,744301,ANDAMAN & NICOBAR ISLANDS,NICOBARS,NICOBAR,9531983163,Contact of Known TB Patients,ANDAMAN & NICOBAR ISLANDS,NICOBARS,NICOBAR,BJR HOSPITAL,PHI,1,TBU-ANNCB01,Non-Reactive,,CBNAAT,330BJRH2020,"M.tb detected, Rif resistance not detected",Yes,20/11/20,ANDAMAN & NICOBAR ISLANDS,NICOBARS,NICOBAR,BJR HOSPITAL,PHI,1,New,,Pulmonary,,,,Yes                                               ,0,Yes                                               ,Yes,,,,,,
ANDAMAN & NICOBAR ISLANDS,NICOBARS,NICOBAR,BJR HOSPITAL,PHI,1,21/11/20,23/11/20,16057957,,16057957,DIAGNOSED_ON_TREATMENT,DILSHAD ALI,20,Male,55,"TUHET - PIRAT
TAPOIMING VILLAGE, CAR NICOBAR",NICOBAR,,TAPOIMING VILLAGE,,744301,ANDAMAN & NICOBAR ISLANDS,NICOBARS,NICOBAR,9434282700,Not Applicable,ANDAMAN & NICOBAR ISLANDS,NICOBARS,NICOBAR,BJR HOSPITAL,PHI,1,TBU-ANNCB01,Non-Reactive,Non-diabetic,Chest X Ray,,Clinically Diagnosed TB,No,21/11/20,ANDAMAN & NICOBAR ISLANDS,NICOBARS,NICOBAR,BJR HOSPITAL,PHI,1,New,,Extra Pulmonary,Pleural,,,Yes                                               ,0,No                                                ,No,,,,,,
ANDAMAN & NICOBAR ISLANDS,SOUTH ANDAMAN,PORT BLAIR,G B PANT HOSPITAL,PHI,4,02/11/20,23/11/20,16063027,,16063027,DIAGNOSED_ON_TREATMENT,PRISCA .,45,Female,60,PERKA,NICOBAR,,PERKA,PERKA,744301,ANDAMAN & NICOBAR ISLANDS,SOUTH ANDAMAN,PORT BLAIR,9531911586,Not Applicable,ANDAMAN & NICOBAR ISLANDS,NICOBARS,NICOBAR,BJR HOSPITAL,PHI,1,TBU-ANSAN01,Non-Reactive,,Other,,Clinically Diagnosed TB,No,03/11/20,ANDAMAN & NICOBAR ISLANDS,NICOBARS,NICOBAR,BJR HOSPITAL,PHI,1,New,,Extra Pulmonary,Other,,,Yes                                               ,0,No                                                ,No,,,,,,
ANDAMAN & NICOBAR ISLANDS,NICOBARS,NICOBAR,BJR HOSPITAL,PHI,1,24/11/20,24/11/20,16079987,,16079987,DIAGNOSED_ON_TREATMENT,BERYL JASPER,19,Male,50,"TUHET-APARA, MUS VILLAGE, CAR NICOBAR",NICOBAR,,MUS VILLAGE,,744301,ANDAMAN & NICOBAR ISLANDS,NICOBARS,NICOBAR,9434276366,Not Applicable,ANDAMAN & NICOBAR ISLANDS,NICOBARS,NICOBAR,BJR HOSPITAL,PHI,1,TBU-ANNCB01,Non-Reactive,Unknown,CBNAAT,309 BJRH 20,"M.tb detected, Rif resistance not detected",Yes,24/11/20,ANDAMAN & NICOBAR ISLANDS,NICOBARS,NICOBAR,BJR HOSPITAL,PHI,1,New,,Pulmonary,,,,Yes                                               ,0,Yes                                               ,Yes,,,,,,
ANDAMAN & NICOBAR ISLANDS,NICOBARS,NANCOWRIE,CHC NANCOWRIE,PHI,1,23/11/20,25/11/20,16091821,,16091821,DIAGNOSED_OUTCOME_ASSIGNED,OUISIMUS OUISIMUS,68,Male,42,"UPPER KATCHAL NEAR SC, KATCHAL",,,UPPER KATCHAL,NEAR SC,744304,ANDAMAN & NICOBAR ISLANDS,NICOBARS,NANCOWRIE,9474242226,Not Applicable,ANDAMAN & NICOBAR ISLANDS,NICOBARS,NANCOWRIE,PHC KATCHAL,PHI,2,TBU-ANNCB03,Unknown,,Microscopy ZN and Fluorescent,,Positive,Yes,23/11/20,ANDAMAN & NICOBAR ISLANDS,NICOBARS,NANCOWRIE,PHC KATCHAL,PHI,2,New,,Pulmonary,,DIED,26/11/20,No                                                ,0,No                                                ,No,,,,,,
ANDAMAN & NICOBAR ISLANDS,SOUTH ANDAMAN,PORT BLAIR,G B PANT HOSPITAL,PHI,4,15/10/20,25/11/20,16092796,,16092796,DIAGNOSED_ON_TREATMENT,ROSHAN KHATOON,34,Female,34,ROUND BASTI,PORT BLAIR,,4,NEAR LALAGI HOTEL,744101,ANDAMAN & NICOBAR ISLANDS,SOUTH ANDAMAN,PORT BLAIR,9679565813,Not Applicable,ANDAMAN & NICOBAR ISLANDS,SOUTH ANDAMAN,PORT BLAIR,G B PANT HOSPITAL,PHI,4,TBU-ANSAN01,Non-Reactive,Non-diabetic,Other,,Clinically Diagnosed TB,No,16/10/20,ANDAMAN & NICOBAR ISLANDS,SOUTH ANDAMAN,PORT BLAIR,G B PANT HOSPITAL,PHI,4,New,,Extra Pulmonary,Other,,,Yes                                               ,0,Yes                                               ,No,,,,,,
ANDAMAN & NICOBAR ISLANDS,SOUTH ANDAMAN,PORT BLAIR,G B PANT HOSPITAL,PHI,4,23/11/20,25/11/20,16093979,,16093979,DIAGNOSED_ON_TREATMENT,MANJU BARA,25,Female,40,RANCHI BASTI,PORT BLAIR,,15,NEAR COMMUNITY HALL,744103,ANDAMAN & NICOBAR ISLANDS,SOUTH ANDAMAN,PORT BLAIR,9679513603,Not Applicable,ANDAMAN & NICOBAR ISLANDS,SOUTH ANDAMAN,PORT BLAIR,UHC DAIRY FARM,PHI,8,TBU-ANSAN01,Non-Reactive,Non-diabetic,Microscopy ZN and Fluorescent,1317,Positive,Yes,26/11/20,ANDAMAN & NICOBAR ISLANDS,SOUTH ANDAMAN,PORT BLAIR,UHC DAIRY FARM,PHI,8,New,,Pulmonary,,,,Yes                                               ,0,No                                                ,Yes,,,,,,
ANDAMAN & NICOBAR ISLANDS,SOUTH ANDAMAN,PORT BLAIR,G B PANT HOSPITAL,PHI,4,24/11/20,25/11/20,16098309,,16098309,DIAGNOSED_ON_TREATMENT,DEEPAK TIRKEY,19,Male,44,BARATANG NEAR MURGAN TEMPLE,RANGAT,,BARATANG,NEAR MURGAN TEMPLE,744105,ANDAMAN & NICOBAR ISLANDS,SOUTH ANDAMAN,PORT BLAIR,8900974246,Other,ANDAMAN & NICOBAR ISLANDS,SOUTH ANDAMAN,PORT BLAIR,G B PANT HOSPITAL,PHI,4,TBU-ANSAN01,Non-Reactive,Non-diabetic,CBNAAT,396GBP20,"M.tb detected, Rif resistance detected",Yes,26/11/20,ANDAMAN & NICOBAR ISLANDS,NORTH & MIDDLE ANDAMAN,RANGAT,PHC BARATANG,PHI,4,PMDT,MDR_SHORT,Pulmonary,,,,Yes                                               ,0,Yes                                               ,Yes,,,,,,
ANDAMAN & NICOBAR ISLANDS,SOUTH ANDAMAN,PORT BLAIR,G B PANT HOSPITAL,PHI,4,10/10/20,26/11/20,16110078,,16110078,DIAGNOSED_ON_TREATMENT,VINITA TIRKEY,28,Female,45,"RADHANAGAR

",DIGLPUR,,RADHANAGAR,NEAR A/W CENTRE,744202,ANDAMAN & NICOBAR ISLANDS,NORTH & MIDDLE ANDAMAN,DIGLIPUR,9531984610,Not Applicable,ANDAMAN & NICOBAR ISLANDS,NORTH & MIDDLE ANDAMAN,DIGLIPUR,PHC RADHA NAGAR,PHI,3,TBU-ANNMA03,Non-Reactive,Non-diabetic,Other,,Clinically Diagnosed TB,No,12/10/20,ANDAMAN & NICOBAR ISLANDS,NORTH & MIDDLE ANDAMAN,DIGLIPUR,PHC RADHA NAGAR,PHI,3,New,,Extra Pulmonary,Spinal,,,Yes                                               ,0,Yes                                               ,No,,,,,,
ANDAMAN & NICOBAR ISLANDS,NORTH & MIDDLE ANDAMAN,MAYABUNDER,"DR. R.P.HOSPITAL, MAYABUNDER",PHI,1,11/11/20,26/11/20,16110712,,16110712,DIAGNOSED_ON_TREATMENT,M VIDYA,23,Female,28,SUBASHGRAM,DIGLIPPUR,,SUBASHGRAM,OPP. GSSS DP,744202,ANDAMAN & NICOBAR ISLANDS,NORTH & MIDDLE ANDAMAN,DIGLIPUR,8900933084,Other,ANDAMAN & NICOBAR ISLANDS,NORTH & MIDDLE ANDAMAN,DIGLIPUR,CHC DIGLIPUR,PHI,1,TBU-ANNMA03,Non-Reactive,Non-diabetic,CBNAAT,130RPH,"M.tb detected, Rif resistance not detected",Yes,12/11/20,ANDAMAN & NICOBAR ISLANDS,NORTH & MIDDLE ANDAMAN,DIGLIPUR,CHC DIGLIPUR,PHI,1,New,,Pulmonary,,,,Yes                                               ,0,Yes                                               ,Yes,,,,,,
ANDAMAN & NICOBAR ISLANDS,SOUTH ANDAMAN,PORT BLAIR,G B PANT HOSPITAL,PHI,4,11/11/20,26/11/20,16111074,,16111074,DIAGNOSED_ON_TREATMENT,MOHAMMED ISRAIL,65,Male,59,"Vivekananda colony,Ward No. 23, Prothrapur, Port Blair, South Andaman ",SOUTH Andaman,PROTHRAPUR,23,Near Vivekananda colony,744105,ANDAMAN & NICOBAR ISLANDS,SOUTH ANDAMAN,PORT BLAIR,8900943231,Other,ANDAMAN & NICOBAR ISLANDS,SOUTH ANDAMAN,PORT BLAIR,PHC GARACHARMA,PHI,1,TBU-ANSAN01,Unknown,,CBNAAT,345GBP20,"M.tb detected, Rif resistance not detected",Yes,11/11/20,ANDAMAN & NICOBAR ISLANDS,SOUTH ANDAMAN,PORT BLAIR,PHC GARACHARMA,PHI,1,New,,Pulmonary,,,,Yes                                               ,0,Yes                                               ,Yes,,,,,,
ANDAMAN & NICOBAR ISLANDS,SOUTH ANDAMAN,PORT BLAIR,G B PANT HOSPITAL,PHI,4,20/11/20,26/11/20,16112244,,16112244,DIAGNOSED_ON_TREATMENT,PANKAJ . ,33,Male,63,"Near primary school, Garacharma, Port Blair, South Andaman, A & N Islands ",South Andaman,Garacharma,,Near primary school,744105,ANDAMAN & NICOBAR ISLANDS,SOUTH ANDAMAN,PORT BLAIR,9933291901,Other,ANDAMAN & NICOBAR ISLANDS,SOUTH ANDAMAN,PORT BLAIR,PHC GARACHARMA,PHI,1,TBU-ANSAN01,Unknown,,Chest X Ray,,Clinically Diagnosed TB,No,20/11/20,ANDAMAN & NICOBAR ISLANDS,SOUTH ANDAMAN,PORT BLAIR,PHC GARACHARMA,PHI,1,New,,Extra Pulmonary,Abdominal,,,Yes                                               ,0,Yes                                               ,No,,,,,,
ANDAMAN & NICOBAR ISLANDS,SOUTH ANDAMAN,PORT BLAIR,G B PANT HOSPITAL,PHI,4,06/11/20,26/11/20,16115486,,16115486,DIAGNOSED_ON_TREATMENT,KARPIYA .,49,Male,55,"NEAR PEMA JUNCATION,CALICUT,PORT BLAIR ,SOUTH ANDAMAN,A & N ISLANDS",SOUTH ANDAMAN,,CALICUT,NEAR PEMA JUNCTION,744105,ANDAMAN & NICOBAR ISLANDS,SOUTH ANDAMAN,PORT BLAIR,9679518707,Not Applicable,ANDAMAN & NICOBAR ISLANDS,SOUTH ANDAMAN,PORT BLAIR,PHC GARACHARMA,PHI,1,TBU-ANSAN01,Unknown,,Other,,Clinically Diagnosed TB,No,07/11/20,ANDAMAN & NICOBAR ISLANDS,SOUTH ANDAMAN,PORT BLAIR,PHC GARACHARMA,PHI,1,New,,Extra Pulmonary,Other,,,No                                                ,0,No                                                ,No,,,,,,
ANDAMAN & NICOBAR ISLANDS,SOUTH ANDAMAN,PORT BLAIR,G B PANT HOSPITAL,PHI,4,25/11/20,27/11/20,16136369,,16136369,DIAGNOSED_OUTCOME_ASSIGNED,K KANDHAR,31,Male,30,PREM NAGAR NEAR SRI PATTA RATHI MANDIR,PORT BLAIR,,PREM NAGAR,NEAR SRI PATTA RATHI MANDIR,744102,ANDAMAN & NICOBAR ISLANDS,SOUTH ANDAMAN,PORT BLAIR,7063903689,Other,ANDAMAN & NICOBAR ISLANDS,SOUTH ANDAMAN,PORT BLAIR,UHC DELANIPUR,PHI,9,TBU-ANSAN01,Non-Reactive,,CBNAAT,452MV2020,"M.tb detected, Rif resistance detected",Yes,27/11/20,ANDAMAN & NICOBAR ISLANDS,SOUTH ANDAMAN,PORT BLAIR,UHC DELANIPUR,PHI,9,PMDT,MDR_SHORT,Pulmonary,,DIED,03/12/20,Yes                                               ,0,No                                                ,Yes,,,,,,
ANDAMAN & NICOBAR ISLANDS,SOUTH ANDAMAN,PORT BLAIR,G B PANT HOSPITAL,PHI,4,20/11/20,27/11/20,16137633,,16137633,DIAGNOSED_NOT_ON_TREATMENT,K RAJA RAO,26,Male,,PANIGHAT,PORT BLAIR,,,,744107,ANDAMAN & NICOBAR ISLANDS,SOUTH ANDAMAN,PORT BLAIR,9933203798,Not Applicable,ANDAMAN & NICOBAR ISLANDS,SOUTH ANDAMAN,FERRARGUNJ,CHC BAMBOOFLAT,PHI,1,TBU-ANSAN01,Unknown,,Microscopy ZN and Fluorescent,1309,Positive,Yes,,ANDAMAN & NICOBAR ISLANDS,SOUTH ANDAMAN,FERRARGUNJ,CHC BAMBOOFLAT,PHI,1,New,,,,,,Yes                                               ,0,No                                                ,No,,,,,,
ANDAMAN & NICOBAR ISLANDS,NICOBARS,NICOBAR,BJR HOSPITAL,PHI,1,24/11/20,28/11/20,16149544,,16149544,DIAGNOSED_OUTCOME_ASSIGNED,MATHAIS WILSON,52,Male,35,"TUHET = LO-YIH
SMALL LAPATHY VILLAGE
CAR NICOBAR",CAR NICOBAR,,SMALL LAPATHY VILLAGE,,744301,ANDAMAN & NICOBAR ISLANDS,NICOBARS,NICOBAR,9476064378,Contact of Known TB Patients,ANDAMAN & NICOBAR ISLANDS,NICOBARS,NICOBAR,BJR HOSPITAL,PHI,1,TBU-ANNCB01,Non-Reactive,Diabetic,CBNAAT,413BJRH2020,"M.tb detected, Rif resistance not detected",Yes,26/11/20,ANDAMAN & NICOBAR ISLANDS,NICOBARS,NICOBAR,BJR HOSPITAL,PHI,1,New,,Pulmonary,,DIED,29/11/20,Yes                                               ,0,Yes                                               ,Yes,,,,,,
ANDAMAN & NICOBAR ISLANDS,SOUTH ANDAMAN,PORT BLAIR,G B PANT HOSPITAL,PHI,4,25/11/20,02/12/20,16209059,,16209059,DIAGNOSED_ON_TREATMENT,MEENAKSHI SUNDRAM,48,Male,34,BIMBLITAN,PORT BLAIR,,,,744105,ANDAMAN & NICOBAR ISLANDS,SOUTH ANDAMAN,PORT BLAIR,9933232179,Not Applicable,ANDAMAN & NICOBAR ISLANDS,SOUTH ANDAMAN,PORT BLAIR,PHC GARACHARMA,PHI,1,TBU-ANSAN01,Unknown,,Microscopy ZN and Fluorescent,1330,Positive,Yes,02/12/20,ANDAMAN & NICOBAR ISLANDS,SOUTH ANDAMAN,PORT BLAIR,PHC GARACHARMA,PHI,1,New,,Pulmonary,,,,Yes                                               ,0,No                                                ,Yes,,,,,,
ANDAMAN & NICOBAR ISLANDS,SOUTH ANDAMAN,PORT BLAIR,G B PANT HOSPITAL,PHI,4,26/11/20,02/12/20,16210649,,16210649,DIAGNOSED_ON_TREATMENT,SWATI SINGH,35,Female,50,ABERDEEN BAZAR,PORT BLAIR,,4,KV-I  QUATER,744101,ANDAMAN & NICOBAR ISLANDS,SOUTH ANDAMAN,PORT BLAIR,9740094239,Not Applicable,ANDAMAN & NICOBAR ISLANDS,SOUTH ANDAMAN,PORT BLAIR,G B PANT HOSPITAL,PHI,4,TBU-ANSAN01,Non-Reactive,Non-diabetic,Microscopy ZN and Fluorescent,1340,Positive,Yes,02/12/20,ANDAMAN & NICOBAR ISLANDS,SOUTH ANDAMAN,PORT BLAIR,G B PANT HOSPITAL,PHI,4,New,,Pulmonary,,,,Yes                                               ,0,Yes                                               ,Yes,,,,,,
ANDAMAN & NICOBAR ISLANDS,SOUTH ANDAMAN,PORT BLAIR,G B PANT HOSPITAL,PHI,4,25/11/20,02/12/20,16210844,,16210844,DIAGNOSED_ON_TREATMENT,ABEl  LASUSHE,28,Female,63,"Ward No. 03, Near Sub Center, Beodnabad, Port Blair",South Andaman,Beodnabad,Ward No. 03,Near Sub center,744105,ANDAMAN & NICOBAR ISLANDS,SOUTH ANDAMAN,PORT BLAIR,9732417362,Other,ANDAMAN & NICOBAR ISLANDS,SOUTH ANDAMAN,PORT BLAIR,PHC GARACHARMA,PHI,1,TBU-ANSAN01,Non-Reactive,Non-diabetic,Other,,Clinically Diagnosed TB,No,25/11/20,ANDAMAN & NICOBAR ISLANDS,SOUTH ANDAMAN,PORT BLAIR,PHC GARACHARMA,PHI,1,New,,Extra Pulmonary,Other,,,Yes                                               ,0,No                                                ,No,,,,,,
ANDAMAN & NICOBAR ISLANDS,SOUTH ANDAMAN,PORT BLAIR,G B PANT HOSPITAL,PHI,4,25/11/20,02/12/20,16211173,,16211173,DIAGNOSED_ON_TREATMENT,VIJAY KUMAR,23,Male,47,"AK STREET
ANARKALI",PORT BLAIR,,4,NEAR CPIM BUILDING,744101,ANDAMAN & NICOBAR ISLANDS,SOUTH ANDAMAN,PORT BLAIR,9679555476,Not Applicable,ANDAMAN & NICOBAR ISLANDS,SOUTH ANDAMAN,PORT BLAIR,UHC DELANIPUR,PHI,9,TBU-ANSAN01,Non-Reactive,Non-diabetic,Microscopy ZN and Fluorescent,1329,Positive,Yes,05/12/20,ANDAMAN & NICOBAR ISLANDS,SOUTH ANDAMAN,PORT BLAIR,UHC DELANIPUR,PHI,9,New,,Pulmonary,,,,Yes                                               ,0,Yes                                               ,Yes,,,,,,
ANDAMAN & NICOBAR ISLANDS,SOUTH ANDAMAN,PORT BLAIR,G B PANT HOSPITAL,PHI,4,27/11/20,02/12/20,16211325,,16211325,DIAGNOSED_ON_TREATMENT,P KALAYANI,25,Female,32,GARACHARMA,PORT BLAIR,,15,,744103,ANDAMAN & NICOBAR ISLANDS,SOUTH ANDAMAN,PORT BLAIR,9933271080,Other,ANDAMAN & NICOBAR ISLANDS,SOUTH ANDAMAN,PORT BLAIR,UHC DAIRY FARM,PHI,8,TBU-ANSAN01,Unknown,,Microscopy ZN and Fluorescent,1344,Positive,Yes,03/12/20,ANDAMAN & NICOBAR ISLANDS,SOUTH ANDAMAN,PORT BLAIR,UHC DAIRY FARM,PHI,8,New,,Pulmonary,,,,Yes                                               ,0,Yes                                               ,Yes,,,,,,
ANDAMAN & NICOBAR ISLANDS,SOUTH ANDAMAN,PORT BLAIR,G B PANT HOSPITAL,PHI,4,28/11/20,02/12/20,16212015,,16212015,DIAGNOSED_ON_TREATMENT,RAMESH BACCHI,61,Male,47,SWARAJ GRAM,NORTH AND MIDDLE ANDAMAN,,4,SWARAJ GRAM,744202,ANDAMAN & NICOBAR ISLANDS,SOUTH ANDAMAN,PORT BLAIR,9531964188,Other,ANDAMAN & NICOBAR ISLANDS,NORTH & MIDDLE ANDAMAN,DIGLIPUR,PHC RADHA NAGAR,PHI,3,TBU-ANSAN01,Non-Reactive,Diabetic,Microscopy ZN and Fluorescent,1345,Positive,Yes,11/12/20,ANDAMAN & NICOBAR ISLANDS,NORTH & MIDDLE ANDAMAN,DIGLIPUR,PHC RADHA NAGAR,PHI,3,New,,Pulmonary,,,,Yes                                               ,0,Yes                                               ,Yes,,,,,,
ANDAMAN & NICOBAR ISLANDS,SOUTH ANDAMAN,PORT BLAIR,G B PANT HOSPITAL,PHI,4,28/11/20,02/12/20,16212384,,16212384,DIAGNOSED_ON_TREATMENT,RAJU MONDAL,33,Male,45,PATHER GUDDA,PORT BLAIR,,,,744105,ANDAMAN & NICOBAR ISLANDS,SOUTH ANDAMAN,PORT BLAIR,9679553896,Not Applicable,ANDAMAN & NICOBAR ISLANDS,SOUTH ANDAMAN,PORT BLAIR,PHC GARACHARMA,PHI,1,TBU-ANSAN01,Non-Reactive,Non-diabetic,Microscopy ZN and Fluorescent,1348,Positive,Yes,05/12/20,ANDAMAN & NICOBAR ISLANDS,SOUTH ANDAMAN,PORT BLAIR,PHC GARACHARMA,PHI,1,Retreatment: Recurrent,,Pulmonary,,,,Yes                                               ,0,Yes                                               ,Yes,,,,,,
ANDAMAN & NICOBAR ISLANDS,SOUTH ANDAMAN,PORT BLAIR,G B PANT HOSPITAL,PHI,4,05/11/20,03/12/20,16234186,,16234186,DIAGNOSED_ON_TREATMENT,SATHYA NARAYAN MUNDA,44,Male,50,WIMBERLYGUNJ,FERRARGUNJ,,,NEAR BSNL TOWER,744206,ANDAMAN & NICOBAR ISLANDS,SOUTH ANDAMAN,FERRARGUNJ,9476027794,Not Applicable,ANDAMAN & NICOBAR ISLANDS,SOUTH ANDAMAN,FERRARGUNJ,PHC WIMBERLYGUNJ,PHI,2,TBU-ANSAN02,Unknown,,Other,,Clinically Diagnosed TB,No,20/11/20,ANDAMAN & NICOBAR ISLANDS,SOUTH ANDAMAN,FERRARGUNJ,PHC WIMBERLYGUNJ,PHI,2,New,,Extra Pulmonary,Other,,,Yes                                               ,0,Yes                                               ,No,,,,,,
ANDAMAN & NICOBAR ISLANDS,SOUTH ANDAMAN,PORT BLAIR,G B PANT HOSPITAL,PHI,4,26/11/20,04/12/20,16260332,,16260332,DIAGNOSED_ON_TREATMENT,MARIYAM  MUNDIYAM,36,Female,57,"Ward No. 19,Austinabad, PortBlair, South Andaman, A & N Islands. ",South Andaman,Port Blair,Ward No. 19,AUSTINABAD,744105,ANDAMAN & NICOBAR ISLANDS,SOUTH ANDAMAN,PORT BLAIR,9679523924,Other,ANDAMAN & NICOBAR ISLANDS,SOUTH ANDAMAN,PORT BLAIR,PHC GARACHARMA,PHI,1,TBU-ANSAN01,Non-Reactive,Non-diabetic,Other,,Clinically Diagnosed TB,No,27/11/20,ANDAMAN & NICOBAR ISLANDS,SOUTH ANDAMAN,PORT BLAIR,PHC GARACHARMA,PHI,1,New,,Extra Pulmonary,Lymph Node,,,Yes                                               ,0,Yes                                               ,No,,,,,,
ANDAMAN & NICOBAR ISLANDS,SOUTH ANDAMAN,PORT BLAIR,G B PANT HOSPITAL,PHI,4,02/12/20,05/12/20,16282124,,16282124,DIAGNOSED_ON_TREATMENT,GEETA BARLA,17,Male,34,"Ward No. 22,Brooksabad,Port Blair, South Andaman, A & N Islands. ",South Andaman ,Brooksabad,22,Brooksabad,744105,ANDAMAN & NICOBAR ISLANDS,SOUTH ANDAMAN,PORT BLAIR,9531832754,Other,ANDAMAN & NICOBAR ISLANDS,SOUTH ANDAMAN,PORT BLAIR,PHC GARACHARMA,PHI,1,TBU-ANSAN01,Unknown,,Chest X Ray,,Clinically Diagnosed TB,Yes,02/12/20,ANDAMAN & NICOBAR ISLANDS,SOUTH ANDAMAN,PORT BLAIR,PHC GARACHARMA,PHI,1,New,,Extra Pulmonary,Pleural,,,Yes                                               ,0,No                                                ,Yes,,,,,,
ANDAMAN & NICOBAR ISLANDS,NICOBARS,CAMPBELL BAY,PHC CAMPBELL BAY,PHI,1,28/11/20,08/12/20,16336514,,16336514,DIAGNOSED_ON_TREATMENT,VALENTINE  VALENTINE ,20,Male,48,AFRA BAY ,CAMPBELL BAY ,,RAJIVE NAGAR ,COMMUNITY HALL ,744302,ANDAMAN & NICOBAR ISLANDS,NICOBARS,CAMPBELL BAY,9531878123,Contact of Known TB Patients,ANDAMAN & NICOBAR ISLANDS,NICOBARS,CAMPBELL BAY,PHC CAMPBELL BAY,PHI,1,TBU-ANNCB02,Non-Reactive,Non-diabetic,Microscopy ZN and Fluorescent,43A,Positive,Yes,02/12/20,ANDAMAN & NICOBAR ISLANDS,NICOBARS,CAMPBELL BAY,PHC CAMPBELL BAY,PHI,1,PMDT,MDR_SHORT,Pulmonary,,,,Yes                                               ,0,Yes                                               ,Yes,,,,,,
ANDAMAN & NICOBAR ISLANDS,SOUTH ANDAMAN,PORT BLAIR,G B PANT HOSPITAL,PHI,4,05/12/20,08/12/20,16337314,,16337314,DIAGNOSED_ON_TREATMENT,A BALA KRISHNAN,39,Male,45,BATHU BASTI,PORT BLAIR,,,NEAR PIPE LINE,744105,ANDAMAN & NICOBAR ISLANDS,SOUTH ANDAMAN,PORT BLAIR,9679528591,Not Applicable,ANDAMAN & NICOBAR ISLANDS,SOUTH ANDAMAN,PORT BLAIR,PHC GARACHARMA,PHI,1,TBU-ANSAN01,Non-Reactive,Non-diabetic,Microscopy ZN and Fluorescent,1363,Positive,Yes,09/12/20,ANDAMAN & NICOBAR ISLANDS,SOUTH ANDAMAN,PORT BLAIR,PHC GARACHARMA,PHI,1,New,,Pulmonary,,,,Yes                                               ,0,Yes                                               ,Yes,,,,,,
ANDAMAN & NICOBAR ISLANDS,SOUTH ANDAMAN,PORT BLAIR,G B PANT HOSPITAL,PHI,4,03/12/20,08/12/20,16345070,,16345070,DIAGNOSED_ON_TREATMENT,VARONA VARONA,18,Female,44,NAYAGAON,PORT BLAIR,,11,AKASH DEEP APARTMENT,744106,ANDAMAN & NICOBAR ISLANDS,SOUTH ANDAMAN,PORT BLAIR,9474249389,Not Applicable,ANDAMAN & NICOBAR ISLANDS,SOUTH ANDAMAN,PORT BLAIR,UHC SHADIPUR,PHI,6,TBU-ANSAN01,Non-Reactive,Non-diabetic,CBNAAT,424GBP20,"M.tb detected, Rif resistance not detected",Yes,05/12/20,ANDAMAN & NICOBAR ISLANDS,SOUTH ANDAMAN,PORT BLAIR,UHC SHADIPUR,PHI,6,Retreatment: Recurrent,,Extra Pulmonary,Pleural,,,Yes                                               ,0,Yes                                               ,Yes,,,,,,
ANDAMAN & NICOBAR ISLANDS,SOUTH ANDAMAN,PORT BLAIR,G B PANT HOSPITAL,PHI,4,05/12/20,08/12/20,16345772,,16345772,DIAGNOSED_ON_TREATMENT,ASMITA  SOOD,21,Female,42,CHOULDHARI,,,,,744206,ANDAMAN & NICOBAR ISLANDS,SOUTH ANDAMAN,PORT BLAIR,9434266624,Not Applicable,ANDAMAN & NICOBAR ISLANDS,SOUTH ANDAMAN,FERRARGUNJ,PHC CHOULDARI,PHI,6,TBU-ANSAN01,Non-Reactive,Non-diabetic,Microscopy ZN and Fluorescent,1367,Positive,Yes,08/12/20,ANDAMAN & NICOBAR ISLANDS,SOUTH ANDAMAN,FERRARGUNJ,PHC CHOULDARI,PHI,6,New,,Pulmonary,,,,Yes                                               ,0,Yes                                               ,Yes,,,,,,
ANDAMAN & NICOBAR ISLANDS,SOUTH ANDAMAN,PORT BLAIR,G B PANT HOSPITAL,PHI,4,04/12/20,08/12/20,16347238,,16347238,DIAGNOSED_ON_TREATMENT,BLENDINA  BLENDINA ,39,Female,42,NAYAGAON,,,,,744106,ANDAMAN & NICOBAR ISLANDS,SOUTH ANDAMAN,PORT BLAIR,9476041698,Not Applicable,ANDAMAN & NICOBAR ISLANDS,SOUTH ANDAMAN,PORT BLAIR,UHC SHADIPUR,PHI,6,TBU-ANSAN01,Non-Reactive,Diabetic,CBNAAT,426GBP20,"M.tb detected, Rif resistance not detected",Yes,21/12/20,ANDAMAN & NICOBAR ISLANDS,SOUTH ANDAMAN,PORT BLAIR,UHC SHADIPUR,PHI,6,New,,Pulmonary,,,,Yes                                               ,0,Yes                                               ,Yes,,,,,,
ANDAMAN & NICOBAR ISLANDS,SOUTH ANDAMAN,PORT BLAIR,G B PANT HOSPITAL,PHI,4,01/12/20,08/12/20,16347689,,16347689,DIAGNOSED_ON_TREATMENT,REENA MONDAL,53,Female,61,"NEAR WANDOOR JUNCTION
VILLAGE NORTH WANDOOR",FERRARGUNJ,,NORTH WANDOOR,NEAR WANDOOR JUNCTION,744103,ANDAMAN & NICOBAR ISLANDS,SOUTH ANDAMAN,FERRARGUNJ,9933287226,Diabetes,ANDAMAN & NICOBAR ISLANDS,SOUTH ANDAMAN,FERRARGUNJ,PHC MANGLUTAN,PHI,4,TBU-ANSAN02,Non-Reactive,Diabetic,Chest X Ray,,Clinically Diagnosed TB,No,01/12/20,ANDAMAN & NICOBAR ISLANDS,SOUTH ANDAMAN,FERRARGUNJ,PHC MANGLUTAN,PHI,4,New,,Extra Pulmonary,Pleural,,,Yes                                               ,0,Yes                                               ,No,,,,,,
ANDAMAN & NICOBAR ISLANDS,NICOBARS,NICOBAR,BJR HOSPITAL,PHI,1,02/12/20,09/12/20,16362284,,16362284,DIAGNOSED_ON_TREATMENT,AGNES AGNES,48,Female,30,"HOUSE NO 72(B)
ARONG VILLAGE 
CARNICOBAR
PIN 744301",NICOBAR,,ARONG,NEAR SUB CENTRE,744301,ANDAMAN & NICOBAR ISLANDS,NICOBARS,NICOBAR,9531966988,Contact of Known TB Patients,ANDAMAN & NICOBAR ISLANDS,NICOBARS,NICOBAR,BJR HOSPITAL,PHI,1,DTO-ANNCB,Non-Reactive,Non-diabetic,Microscopy ZN and Fluorescent,349-A,Positive,Yes,05/12/20,ANDAMAN & NICOBAR ISLANDS,NICOBARS,NICOBAR,BJR HOSPITAL,PHI,1,PMDT,MDR_SHORT,Pulmonary,,,,Yes                                               ,0,No                                                ,Yes,,,,,,
ANDAMAN & NICOBAR ISLANDS,NORTH & MIDDLE ANDAMAN,RANGAT,PHC BARATANG,PHI,4,05/12/20,09/12/20,16372197,,16372197,DIAGNOSED_ON_TREATMENT,Domnic  Kiro,45,Male,59,Near forest camp ,Rangat,Baratang ,3,forest camp ,744210,ANDAMAN & NICOBAR ISLANDS,NORTH & MIDDLE ANDAMAN,RANGAT,9434278815,Other,ANDAMAN & NICOBAR ISLANDS,NORTH & MIDDLE ANDAMAN,RANGAT,PHC BARATANG,PHI,4,TBU-ANNMA02,Non-Reactive,Diabetic,Microscopy ZN and Fluorescent,41,Positive,Yes,09/12/20,ANDAMAN & NICOBAR ISLANDS,NORTH & MIDDLE ANDAMAN,RANGAT,PHC BARATANG,PHI,4,New,,Pulmonary,,,,Yes                                               ,0,Yes                                               ,Yes,,,,,,
ANDAMAN & NICOBAR ISLANDS,SOUTH ANDAMAN,PORT BLAIR,G B PANT HOSPITAL,PHI,4,05/12/20,10/12/20,16389089,,16389089,DIAGNOSED_ON_TREATMENT,SUNIT KISHOR BAXLA,45,Male,53,GARACHARMA NEAR BACK SITE KALI MANDIR,PORT BAIR,,GARCHARMA,NEAR BACK SITE KALI MANDIR,744105,ANDAMAN & NICOBAR ISLANDS,SOUTH ANDAMAN,PORT BLAIR,9933291008,Other,ANDAMAN & NICOBAR ISLANDS,SOUTH ANDAMAN,PORT BLAIR,PHC GARACHARMA,PHI,1,TBU-ANSAN01,Non-Reactive,Non-diabetic,CBNAAT,431GBP20,"M.tb detected, Rif resistance detected",Yes,10/12/20,ANDAMAN & NICOBAR ISLANDS,SOUTH ANDAMAN,PORT BLAIR,PHC GARACHARMA,PHI,1,PMDT,MDR_SHORT,Pulmonary,,,,Yes                                               ,0,Yes                                               ,Yes,,,,,,
ANDAMAN & NICOBAR ISLANDS,NICOBARS,NICOBAR,BJR HOSPITAL,PHI,1,08/12/20,10/12/20,16391110,,16391110,DIAGNOSED_ON_TREATMENT,GILES  ALBERT,40,Male,54,"TUHET- CHUOKKA,  PERKA VILLAGE, CAR NICOBAR",NICOBAR,,PERKA VILLAGE,,744301,ANDAMAN & NICOBAR ISLANDS,NICOBARS,NICOBAR,9531988077,Not Applicable,ANDAMAN & NICOBAR ISLANDS,NICOBARS,NICOBAR,BJR HOSPITAL,PHI,1,TBU-ANNCB01,Non-Reactive,Non-diabetic,CBNAAT,461 BJRH 20,"M.tb detected, Rif resistance not detected",Yes,09/12/20,ANDAMAN & NICOBAR ISLANDS,NICOBARS,NICOBAR,BJR HOSPITAL,PHI,1,New,,Pulmonary,,,,Yes                                               ,0,Yes                                               ,Yes,,,,,,
ANDAMAN & NICOBAR ISLANDS,NICOBARS,NICOBAR,BJR HOSPITAL,PHI,1,09/12/20,11/12/20,16432476,,16432476,DIAGNOSED_ON_TREATMENT,MAGDALINE JIMMY,48,Female,40,"TUHET - KNOCK OUT
KINYUKA VILLAGE
CAR NICOBAR",CAR NICOBAR,,KINYUKA VILLAGE,,744301,ANDAMAN & NICOBAR ISLANDS,NICOBARS,NICOBAR,8900970551,Not Applicable,ANDAMAN & NICOBAR ISLANDS,NICOBARS,NICOBAR,BJR HOSPITAL,PHI,1,TBU-ANNCB01,Non-Reactive,Non-diabetic,Microscopy ZN and Fluorescent,364 A,Positive,Yes,10/12/20,ANDAMAN & NICOBAR ISLANDS,NICOBARS,NICOBAR,BJR HOSPITAL,PHI,1,New,,Pulmonary,,,,Yes                                               ,0,Yes                                               ,Yes,,,,,,
ANDAMAN & NICOBAR ISLANDS,NICOBARS,NANCOWRIE,CHC NANCOWRIE,PHI,1,10/12/20,15/12/20,16500760,,16500760,DIAGNOSED_ON_TREATMENT,MELODINA  MELODINA,29,Female,37,HITUI NEAR COMMUNITY HALL ,,,HITUI VILLAGE,NEAR COMMUNITY HALL,744303,ANDAMAN & NICOBAR ISLANDS,NICOBARS,NANCOWRIE,9476098448,Not Applicable,ANDAMAN & NICOBAR ISLANDS,NICOBARS,NANCOWRIE,CHC NANCOWRIE,PHI,1,TBU-ANNCB03,Non-Reactive,,CBNAAT,89,"M.tb detected, Rif resistance not detected",Yes,10/12/20,ANDAMAN & NICOBAR ISLANDS,NICOBARS,NANCOWRIE,CHC NANCOWRIE,PHI,1,New,,Pulmonary,,,,Yes                                               ,0,No                                                ,Yes,,,,,,
ANDAMAN & NICOBAR ISLANDS,NICOBARS,NANCOWRIE,CHC NANCOWRIE,PHI,1,11/12/20,15/12/20,16501483,,16501483,DIAGNOSED_ON_TREATMENT,PETER PETER,70,Male,50,CHOTA ENAKA NEAR CHURCHNANCOWRIE,,,CHOTA ENAKA,NEAR CHURCH,744303,ANDAMAN & NICOBAR ISLANDS,NICOBARS,NANCOWRIE,9531990671,Not Applicable,ANDAMAN & NICOBAR ISLANDS,NICOBARS,NANCOWRIE,CHC NANCOWRIE,PHI,1,TBU-ANNCB03,Non-Reactive,,CBNAAT,90,"M.tb detected, Rif resistance not detected",Yes,11/12/20,ANDAMAN & NICOBAR ISLANDS,NICOBARS,NANCOWRIE,CHC NANCOWRIE,PHI,1,New,,Pulmonary,,,,Yes                                               ,0,No                                                ,Yes,,,,,,
ANDAMAN & NICOBAR ISLANDS,NICOBARS,NANCOWRIE,CHC NANCOWRIE,PHI,1,15/12/20,19/12/20,16634443,,16634443,DIAGNOSED_ON_TREATMENT,SACHIN  KUMAR BHA,18,Male,45,SHALO TIKERY NEAR ANGANWADI  CENTRE KATCHAL,,,SHALO TIKERY,NEAR ANGANWADI CENTRE,744304,ANDAMAN & NICOBAR ISLANDS,NICOBARS,NANCOWRIE,8900901894,Not Applicable,ANDAMAN & NICOBAR ISLANDS,NICOBARS,NANCOWRIE,CHC NANCOWRIE,PHI,1,TBU-ANNCB03,Non-Reactive,Non-diabetic,CBNAAT,93,"M.tb detected, Rif resistance not detected",Yes,15/12/20,ANDAMAN & NICOBAR ISLANDS,NICOBARS,NANCOWRIE,CHC NANCOWRIE,PHI,1,New,,Pulmonary,,,,Yes                                               ,0,No                                                ,Yes,,,,,,
ANDAMAN & NICOBAR ISLANDS,NICOBARS,NANCOWRIE,CHC NANCOWRIE,PHI,1,18/12/20,19/12/20,16635014,,16635014,DIAGNOSED_ON_TREATMENT,MARINA MARINA,19,Female,35,NEAR COMMUNITY HALL HIYUI VILLAGE NANCOWRIE,,,HITUI,NEAR COMMUNITY HALL,744303,ANDAMAN & NICOBAR ISLANDS,NICOBARS,NANCOWRIE,9476071936,Not Applicable,ANDAMAN & NICOBAR ISLANDS,NICOBARS,NANCOWRIE,CHC NANCOWRIE,PHI,1,TBU-ANNCB03,Unknown,,CBNAAT,101,"M.tb detected, Rif resistance not detected",Yes,18/12/20,ANDAMAN & NICOBAR ISLANDS,NICOBARS,NANCOWRIE,CHC NANCOWRIE,PHI,1,New,,Pulmonary,,,,No                                                ,0,No                                                ,Yes,,,,,,
ANDAMAN & NICOBAR ISLANDS,SOUTH ANDAMAN,PORT BLAIR,G B PANT HOSPITAL,PHI,4,08/12/20,21/12/20,16668717,,16668717,DIAGNOSED_NOT_ON_TREATMENT,KONDAIYA .,34,Male,,DELANIPUR,PORT BLAIR,,4,NEAR VEGETABLE,744102,ANDAMAN & NICOBAR ISLANDS,SOUTH ANDAMAN,PORT BLAIR,7063992496,Not Applicable,ANDAMAN & NICOBAR ISLANDS,SOUTH ANDAMAN,PORT BLAIR,UHC DELANIPUR,PHI,9,TBU-ANSAN01,Unknown,,CBNAAT,438GBP20,"M.tb detected, Rif resistance not detected",Yes,,ANDAMAN & NICOBAR ISLANDS,SOUTH ANDAMAN,PORT BLAIR,UHC DELANIPUR,PHI,9,New,,,,,,No                                                ,0,No                                                ,Yes,,,,,,
ANDAMAN & NICOBAR ISLANDS,SOUTH ANDAMAN,PORT BLAIR,G B PANT HOSPITAL,PHI,4,08/12/20,21/12/20,16670528,,16670528,DIAGNOSED_ON_TREATMENT,PRAKASH .,23,Male,60,"HAPPY COLONY, Dolly Gunj, Port Blair, South Andaman. A & N Islands ",PORT BLAIR,DOLLY GUNJ,,Happy Colony,744105,ANDAMAN & NICOBAR ISLANDS,SOUTH ANDAMAN,PORT BLAIR,9531909478,Not Applicable,ANDAMAN & NICOBAR ISLANDS,SOUTH ANDAMAN,PORT BLAIR,PHC GARACHARMA,PHI,1,TBU-ANSAN01,Unknown,,Microscopy ZN and Fluorescent,1371,Positive,Yes,10/12/20,ANDAMAN & NICOBAR ISLANDS,SOUTH ANDAMAN,PORT BLAIR,PHC GARACHARMA,PHI,1,New,,Pulmonary,,,,Yes                                               ,0,Yes                                               ,No,,,,,,
ANDAMAN & NICOBAR ISLANDS,SOUTH ANDAMAN,PORT BLAIR,G B PANT HOSPITAL,PHI,4,17/12/20,21/12/20,16670933,,16670933,DIAGNOSED_ON_TREATMENT,M RAJESHWARI,19,Female,28,CALICUT,PORT BLAIR,Calicut,,,744105,ANDAMAN & NICOBAR ISLANDS,SOUTH ANDAMAN,PORT BLAIR,9679561633,Other,ANDAMAN & NICOBAR ISLANDS,SOUTH ANDAMAN,PORT BLAIR,PHC GARACHARMA,PHI,1,TBU-ANSAN01,Non-Reactive,Non-diabetic,Microscopy ZN and Fluorescent,1416,Positive,Yes,17/12/20,ANDAMAN & NICOBAR ISLANDS,SOUTH ANDAMAN,PORT BLAIR,PHC GARACHARMA,PHI,1,New,,Pulmonary,,,,Yes                                               ,0,No                                                ,Yes,,,,,,
ANDAMAN & NICOBAR ISLANDS,SOUTH ANDAMAN,PORT BLAIR,G B PANT HOSPITAL,PHI,4,17/12/20,21/12/20,16671688,,16671688,DIAGNOSED_ON_TREATMENT,AJIT KUMAR KUJUR,24,Male,40,DOLLYGUNJ,PORT BLAIR,,,,744105,ANDAMAN & NICOBAR ISLANDS,SOUTH ANDAMAN,PORT BLAIR,7063956318,Not Applicable,ANDAMAN & NICOBAR ISLANDS,SOUTH ANDAMAN,PORT BLAIR,PHC GARACHARMA,PHI,1,TBU-ANSAN01,Unknown,Non-diabetic,Microscopy ZN and Fluorescent,1418,Positive,Yes,17/12/20,ANDAMAN & NICOBAR ISLANDS,SOUTH ANDAMAN,PORT BLAIR,PHC GARACHARMA,PHI,1,New,,Pulmonary,,,,Yes                                               ,0,Yes                                               ,Yes,,,,,,
ANDAMAN & NICOBAR ISLANDS,SOUTH ANDAMAN,PORT BLAIR,G B PANT HOSPITAL,PHI,4,18/11/20,24/12/20,16754924,,16754924,DIAGNOSED_ON_TREATMENT,BIKASH DAS,47,Male,45,HADDO,PORT BLAIR,,,NEAR HANIFA STORE,744410,ANDAMAN & NICOBAR ISLANDS,SOUTH ANDAMAN,PORT BLAIR,9434277389,Not Applicable,ANDAMAN & NICOBAR ISLANDS,SOUTH ANDAMAN,PORT BLAIR,UHC HADDO,PHI,10,TBU-ANSAN01,Non-Reactive,Diabetic,Other,,Clinically Diagnosed TB,No,19/11/20,ANDAMAN & NICOBAR ISLANDS,SOUTH ANDAMAN,PORT BLAIR,UHC HADDO,PHI,10,Retreatment: Others,,Extra Pulmonary,Lymph Node,,,Yes                                               ,0,Yes                                               ,No,,,,,,
ANDAMAN & NICOBAR ISLANDS,SOUTH ANDAMAN,PORT BLAIR,G B PANT HOSPITAL,PHI,4,15/12/20,24/12/20,16755543,,16755543,DIAGNOSED_ON_TREATMENT,C SANTHAIAH,29,Male,40,"NAYAGAON
BARGAT LINE",PORT BLAIR,,11,NEAR AIRTEL TOWER,744106,ANDAMAN & NICOBAR ISLANDS,SOUTH ANDAMAN,PORT BLAIR,9679510438,Not Applicable,ANDAMAN & NICOBAR ISLANDS,SOUTH ANDAMAN,PORT BLAIR,UHC SHADIPUR,PHI,6,TBU-ANSAN01,Non-Reactive,Non-diabetic,Microscopy ZN and Fluorescent,1403,Positive,Yes,18/12/20,ANDAMAN & NICOBAR ISLANDS,SOUTH ANDAMAN,PORT BLAIR,UHC SHADIPUR,PHI,6,New,,Pulmonary,,,,No                                                ,0,Yes                                               ,Yes,,,,,,
ANDAMAN & NICOBAR ISLANDS,SOUTH ANDAMAN,PORT BLAIR,G B PANT HOSPITAL,PHI,4,16/12/20,24/12/20,16755678,,16755678,DIAGNOSED_NOT_ON_TREATMENT,R VIGNESH,18,Male,,DAIRY FARM,PORT BLAIR,,15,,744103,ANDAMAN & NICOBAR ISLANDS,SOUTH ANDAMAN,PORT BLAIR,9933246847,Not Applicable,ANDAMAN & NICOBAR ISLANDS,SOUTH ANDAMAN,PORT BLAIR,UHC DAIRY FARM,PHI,8,TBU-ANSAN01,Unknown,,CBNAAT,465GBP20,"M.tb detected, Rif resistance not detected",Yes,,ANDAMAN & NICOBAR ISLANDS,SOUTH ANDAMAN,PORT BLAIR,UHC DAIRY FARM,PHI,8,New,,,,,,No                                                ,0,No                                                ,Yes,,,,,,
ANDAMAN & NICOBAR ISLANDS,SOUTH ANDAMAN,PORT BLAIR,G B PANT HOSPITAL,PHI,4,16/12/20,24/12/20,16755721,,16755721,DIAGNOSED_NOT_ON_TREATMENT,SRINIVAS RAO,51,Male,,DOLLYGUNJ,PORT BLAIR,,,,744105,ANDAMAN & NICOBAR ISLANDS,SOUTH ANDAMAN,PORT BLAIR,9933282182,Not Applicable,ANDAMAN & NICOBAR ISLANDS,SOUTH ANDAMAN,PORT BLAIR,PHC GARACHARMA,PHI,1,TBU-ANSAN01,Unknown,,Microscopy ZN and Fluorescent,1413,Positive,Yes,,ANDAMAN & NICOBAR ISLANDS,SOUTH ANDAMAN,PORT BLAIR,PHC GARACHARMA,PHI,1,New,,,,,,No                                                ,0,No                                                ,No,,,,,,
ANDAMAN & NICOBAR ISLANDS,SOUTH ANDAMAN,PORT BLAIR,G B PANT HOSPITAL,PHI,4,17/12/20,24/12/20,16756089,,16756089,DIAGNOSED_NOT_ON_TREATMENT,T DIVIYA,22,Female,,HADDO,PORT BLAIR,,2,NEAR THIRUPATHI MANDIR,744101,ANDAMAN & NICOBAR ISLANDS,SOUTH ANDAMAN,PORT BLAIR,7063939186,Not Applicable,ANDAMAN & NICOBAR ISLANDS,SOUTH ANDAMAN,PORT BLAIR,UHC HADDO,PHI,10,TBU-ANSAN01,Unknown,,Microscopy ZN and Fluorescent,1419,Positive,Yes,,ANDAMAN & NICOBAR ISLANDS,SOUTH ANDAMAN,PORT BLAIR,UHC HADDO,PHI,10,New,,,,,,No                                                ,0,No                                                ,No,,,,,,
ANDAMAN & NICOBAR ISLANDS,SOUTH ANDAMAN,PORT BLAIR,G B PANT HOSPITAL,PHI,4,17/12/20,24/12/20,16756973,,16756973,DIAGNOSED_NOT_ON_TREATMENT,RAKESH BARAIK,26,Male,,BARATANG,NORTH AND MIDDLE ANDAMAN,,,,744210,ANDAMAN & NICOBAR ISLANDS,SOUTH ANDAMAN,PORT BLAIR,9531848367,Not Applicable,ANDAMAN & NICOBAR ISLANDS,NORTH & MIDDLE ANDAMAN,RANGAT,PHC BARATANG,PHI,4,TBU-ANSAN01,Unknown,,Microscopy ZN and Fluorescent,1417,Positive,Yes,,ANDAMAN & NICOBAR ISLANDS,NORTH & MIDDLE ANDAMAN,RANGAT,PHC BARATANG,PHI,4,New,,,,,,No                                                ,0,No                                                ,Yes,,,,,,
ANDAMAN & NICOBAR ISLANDS,SOUTH ANDAMAN,PORT BLAIR,G B PANT HOSPITAL,PHI,4,24/12/20,24/12/20,16759975,,16759975,DIAGNOSED_ON_TREATMENT,PRASANTA DAS,21,Male,34,"LINE DERA MANJERY
MANGLUTAN WARD NO.04",FERRARGUNJ,,MANJERY,LINE DERA MANJERY WARD NO.04,744105,ANDAMAN & NICOBAR ISLANDS,SOUTH ANDAMAN,FERRARGUNJ,9476063659,Diabetes,ANDAMAN & NICOBAR ISLANDS,SOUTH ANDAMAN,FERRARGUNJ,PHC MANGLUTAN,PHI,4,TBU-ANSAN02,Unknown,Diabetic,Chest X Ray,,Clinically Diagnosed TB,No,24/12/20,ANDAMAN & NICOBAR ISLANDS,SOUTH ANDAMAN,FERRARGUNJ,PHC MANGLUTAN,PHI,4,New,,Extra Pulmonary,Abdominal,,,Yes                                               ,0,Yes                                               ,No,,,,,,
ANDAMAN & NICOBAR ISLANDS,SOUTH ANDAMAN,PORT BLAIR,G B PANT HOSPITAL,PHI,4,24/12/20,24/12/20,16761236,,16761236,DIAGNOSED_ON_TREATMENT,SANJAY CHAKRABORTHY,46,Male,60,MANPUR WARD NO.02,FERRARGUNJ,,MANPUR,LINE DERA MANJERY MANGLUTAN WARD NO.04,744103,ANDAMAN & NICOBAR ISLANDS,SOUTH ANDAMAN,FERRARGUNJ,9476021604,Diabetes,ANDAMAN & NICOBAR ISLANDS,SOUTH ANDAMAN,FERRARGUNJ,PHC TUSHNABAD,PHI,5,TBU-ANSAN02,Non-Reactive,Diabetic,Chest X Ray,,Clinically Diagnosed TB,No,24/12/20,ANDAMAN & NICOBAR ISLANDS,SOUTH ANDAMAN,FERRARGUNJ,PHC TUSHNABAD,PHI,5,Retreatment: Others,,Pulmonary,,,,Yes                                               ,0,Yes                                               ,No,,,,,,
ANDAMAN & NICOBAR ISLANDS,SOUTH ANDAMAN,PORT BLAIR,G B PANT HOSPITAL,PHI,4,22/12/20,28/12/20,16835149,,16835149,DIAGNOSED_ON_TREATMENT,MANI MANI,53,Male,48,"SRI NAGAR
MINNIE BAY",PORT BLAIR,,15,MINNIE BAY,744103,ANDAMAN & NICOBAR ISLANDS,SOUTH ANDAMAN,PORT BLAIR,9933261461,Not Applicable,ANDAMAN & NICOBAR ISLANDS,SOUTH ANDAMAN,PORT BLAIR,UHC DAIRY FARM,PHI,8,TBU-ANSAN01,Non-Reactive,Diabetic,CBNAAT,491GBP20,"M.tb detected, Rif resistance not detected",Yes,22/12/20,ANDAMAN & NICOBAR ISLANDS,SOUTH ANDAMAN,PORT BLAIR,UHC DAIRY FARM,PHI,8,New,,Pulmonary,,,,Yes                                               ,0,Yes                                               ,Yes,,,,,,
ANDAMAN & NICOBAR ISLANDS,NICOBARS,NANCOWRIE,CHC NANCOWRIE,PHI,1,24/12/20,28/12/20,16835184,,16835184,DIAGNOSED_ON_TREATMENT,KANEDY  KENEDY,35,Male,57,NEAR PAWER HOUSE DARING NANCOWRIE,,,DARING,NEAR POWER HOUSE,744303,ANDAMAN & NICOBAR ISLANDS,NICOBARS,NANCOWRIE,9434297599,Not Applicable,ANDAMAN & NICOBAR ISLANDS,NICOBARS,NANCOWRIE,CHC NANCOWRIE,PHI,1,TBU-ANNCB03,Non-Reactive,Non-diabetic,CBNAAT,106,"M.tb detected, Rif resistance not detected",Yes,24/12/20,ANDAMAN & NICOBAR ISLANDS,NICOBARS,NANCOWRIE,CHC NANCOWRIE,PHI,1,New,,Pulmonary,,,,Yes                                               ,0,Yes                                               ,Yes,,,,,,
ANDAMAN & NICOBAR ISLANDS,NICOBARS,NICOBAR,BJR HOSPITAL,PHI,1,24/12/20,29/12/20,16853376,,16853376,DIAGNOSED_ON_TREATMENT,ZEBERA ZEBERA,60,Female,40,"67-A
ARONG VILLAGE 
CAR NICOBAR PIN 744301",NICOBAR,,ARONG ,NEAR HWC,744301,ANDAMAN & NICOBAR ISLANDS,NICOBARS,NICOBAR,9531966988,Contact of Known TB Patients,ANDAMAN & NICOBAR ISLANDS,NICOBARS,NICOBAR,BJR HOSPITAL,PHI,1,DTO-ANNCB,Non-Reactive,Unknown,CBNAAT,428,"M.tb detected, Rif resistance detected",Yes,28/12/20,ANDAMAN & NICOBAR ISLANDS,NICOBARS,NICOBAR,BJR HOSPITAL,PHI,1,PMDT,MDR_SHORT,Pulmonary,,,,No                                                ,0,No                                                ,Yes,,,,,,
ANDAMAN & NICOBAR ISLANDS,SOUTH ANDAMAN,PORT BLAIR,G B PANT HOSPITAL,PHI,4,17/12/20,29/12/20,16859534,,16859534,DIAGNOSED_ON_TREATMENT,T BHARTI,20,Female,35,DAIRY FARM NEAR MILK DAIRY,PORT BLAIR,,DAIRY FARM,NEAR MILK DAIRY,744103,ANDAMAN & NICOBAR ISLANDS,SOUTH ANDAMAN,PORT BLAIR,9434288161,Other,ANDAMAN & NICOBAR ISLANDS,SOUTH ANDAMAN,PORT BLAIR,UHC DAIRY FARM,PHI,8,TBU-ANSAN01,Non-Reactive,Non-diabetic,CBNAAT,474GBP20,"M.tb detected, Rif resistance detected",Yes,29/12/20,ANDAMAN & NICOBAR ISLANDS,SOUTH ANDAMAN,PORT BLAIR,UHC DAIRY FARM,PHI,8,PMDT,Oral_Longer_MDR+/-FQ_SLI,Pulmonary,,,,No                                                ,0,Yes                                               ,Yes,,,,,,
ANDAMAN & NICOBAR ISLANDS,SOUTH ANDAMAN,PORT BLAIR,G B PANT HOSPITAL,PHI,4,17/12/20,30/12/20,16893738,,16893738,DIAGNOSED_ON_TREATMENT,SUSHMA  DAS,24,Female,64,KUDHIRAM PUR,DIGLIPUR,,WARD NO 1,NEAR A/W CENTRE,744202,ANDAMAN & NICOBAR ISLANDS,NORTH & MIDDLE ANDAMAN,DIGLIPUR,9434299688,Other,ANDAMAN & NICOBAR ISLANDS,NORTH & MIDDLE ANDAMAN,DIGLIPUR,CHC DIGLIPUR,PHI,1,TBU-ANNMA03,Non-Reactive,Non-diabetic,Other,,Clinically Diagnosed TB,No,17/12/20,ANDAMAN & NICOBAR ISLANDS,NORTH & MIDDLE ANDAMAN,DIGLIPUR,CHC DIGLIPUR,PHI,1,New,,Extra Pulmonary,Other,,,Yes                                               ,0,Yes                                               ,No,,,,,,
ANDAMAN & NICOBAR ISLANDS,SOUTH ANDAMAN,PORT BLAIR,G B PANT HOSPITAL,PHI,4,30/12/20,30/12/20,16913330,,16913330,DIAGNOSED_ON_TREATMENT,Bharti Ram,32,Female,56,kadamtala ,Rangay,Shantipur,,Fire station,744209,ANDAMAN & NICOBAR ISLANDS,NORTH & MIDDLE ANDAMAN,RANGAT,9434226134,Tobacco,ANDAMAN & NICOBAR ISLANDS,NORTH & MIDDLE ANDAMAN,RANGAT,PHC KADAMTALA,PHI,2,TBU-ANNMA02,Non-Reactive,,Other,,Clinically Diagnosed TB,No,30/12/20,ANDAMAN & NICOBAR ISLANDS,NORTH & MIDDLE ANDAMAN,RANGAT,PHC KADAMTALA,PHI,2,New,,Extra Pulmonary,Other,,,Yes                                               ,0,No                                                ,No,,,,,,
ANDAMAN & NICOBAR ISLANDS,NICOBARS,NICOBAR,BJR HOSPITAL,PHI,1,26/12/20,31/12/20,16930070,,16930070,DIAGNOSED_ON_TREATMENT,T BLESSY,20,Female,46,"HEAD QUARTER
NEAR STS BUS STAND
CAR NICOBAR",CAR NICOBAR,,PERKA VILLAGE,NEAR STS BUS STAND,744301,ANDAMAN & NICOBAR ISLANDS,NICOBARS,NICOBAR,9434299878,Not Applicable,ANDAMAN & NICOBAR ISLANDS,NICOBARS,NICOBAR,BJR HOSPITAL,PHI,1,TBU-ANNCB01,Non-Reactive,Non-diabetic,Other,,Clinically Diagnosed TB,No,26/12/20,ANDAMAN & NICOBAR ISLANDS,NICOBARS,NICOBAR,BJR HOSPITAL,PHI,1,New,,Extra Pulmonary,Lymph Node,,,Yes                                               ,0,Yes                                               ,No,,,,,,
ANDAMAN & NICOBAR ISLANDS,NICOBARS,NANCOWRIE,CHC NANCOWRIE,PHI,1,30/12/20,31/12/20,16956551,,16956551,DIAGNOSED_ON_TREATMENT,HELEN HELEN,63,Female,63,"BADA ENAKA SHELTER NO 3 ,NANCOWRIE",,,BADA ENAKA,SHELTER NO 3,744303,ANDAMAN & NICOBAR ISLANDS,NICOBARS,NANCOWRIE,9531990967,Not Applicable,ANDAMAN & NICOBAR ISLANDS,NICOBARS,NANCOWRIE,CHC NANCOWRIE,PHI,1,TBU-ANNCB03,Unknown,,Chest X Ray,,Clinically Diagnosed TB,No,31/12/20,ANDAMAN & NICOBAR ISLANDS,NICOBARS,NANCOWRIE,CHC NANCOWRIE,PHI,1,New,,Pulmonary,,,,No                                                ,0,No                                                ,Yes,,,,,,
ANDAMAN & NICOBAR ISLANDS,SOUTH ANDAMAN,PORT BLAIR,G B PANT HOSPITAL,PHI,4,31/12/20,02/01/21,16985244,,16985244,DIAGNOSED_NOT_ON_TREATMENT,SHYAM SUNDER SAMADDR,35,Male,,"RANGAT
Veg.Market",North & Middle,,,,744205,ANDAMAN & NICOBAR ISLANDS,NORTH & MIDDLE ANDAMAN,RANGAT,9531938755,Not Applicable,ANDAMAN & NICOBAR ISLANDS,NORTH & MIDDLE ANDAMAN,RANGAT,CHC RANGAT,PHI,1,TBU-ANSAN01,Unknown,,Microscopy ZN and Fluorescent,1456,Positive,Yes,,ANDAMAN & NICOBAR ISLANDS,NORTH & MIDDLE ANDAMAN,RANGAT,CHC RANGAT,PHI,1,New,,,,,,No                                                ,0,No                                                ,Yes,,,,,,
ANDAMAN & NICOBAR ISLANDS,SOUTH ANDAMAN,PORT BLAIR,G B PANT HOSPITAL,PHI,4,07/12/20,05/01/21,17042704,,17042704,DIAGNOSED_ON_TREATMENT,TANUSHREE SAHA,28,Female,87,"23/10, C.LANE
VILL PREM NAGAR",PORT BLAIR,,6,"23/10, C.LANE",744103,ANDAMAN & NICOBAR ISLANDS,SOUTH ANDAMAN,PORT BLAIR,9476095248,Not Applicable,ANDAMAN & NICOBAR ISLANDS,SOUTH ANDAMAN,PORT BLAIR,UHC JUNGLIGHAT,PHI,7,TBU-ANSAN01,Non-Reactive,Non-diabetic,Other,,Clinically Diagnosed TB,No,08/12/20,ANDAMAN & NICOBAR ISLANDS,SOUTH ANDAMAN,PORT BLAIR,UHC JUNGLIGHAT,PHI,7,New,,Extra Pulmonary,Lymph Node,,,Yes                                               ,0,Yes                                               ,No,,,,,,
ANDAMAN & NICOBAR ISLANDS,SOUTH ANDAMAN,PORT BLAIR,G B PANT HOSPITAL,PHI,4,22/12/20,06/01/21,17070759,,17070759,DIAGNOSED_ON_TREATMENT,JYOTI KUMARI,24,Female,36,HADDO,PORT BLAIR,,2,OPPOSITE TELEGU MEDIUM SCHOOL,744101,ANDAMAN & NICOBAR ISLANDS,SOUTH ANDAMAN,PORT BLAIR,7063989257,Not Applicable,ANDAMAN & NICOBAR ISLANDS,SOUTH ANDAMAN,PORT BLAIR,UHC HADDO,PHI,10,TBU-ANSAN01,Non-Reactive,Non-diabetic,Other,,Clinically Diagnosed TB,No,23/12/20,ANDAMAN & NICOBAR ISLANDS,SOUTH ANDAMAN,PORT BLAIR,UHC HADDO,PHI,10,New,,Extra Pulmonary,Lymph Node,,,Yes                                               ,0,Yes                                               ,No,,,,,,